Watching for file changes with StatReloader
[02/Jun/2026 12:14:20] "GET /api/v1/health/ HTTP/1.1" 200 41
[02/Jun/2026 12:14:20,304] - Broken pipe from ('127.0.0.1', 52710)
[02/Jun/2026 12:14:41] "GET /api/v1/health/ HTTP/1.1" 200 41
[02/Jun/2026 12:14:41,884] - Broken pipe from ('127.0.0.1', 52718)
[02/Jun/2026 12:14:49] "GET /api/v1/health/ HTTP/1.1" 200 41
Not Found: /favicon.ico
[02/Jun/2026 12:14:49] "GET /favicon.ico HTTP/1.1" 404 2527
[02/Jun/2026 12:15:36] "GET /api/v1/health/ HTTP/1.1" 200 41
[02/Jun/2026 12:15:36,431] - Broken pipe from ('127.0.0.1', 65507)
[02/Jun/2026 12:16:18] "GET /api/v1/dashboard/ HTTP/1.1" 200 7349
[02/Jun/2026 12:16:28] "GET /api/v1/dashboard/ HTTP/1.1" 200 7349
[02/Jun/2026 12:16:29] "GET /api/v1/members/34/location-history/ HTTP/1.1" 200 11886
[02/Jun/2026 12:16:59] "GET /api/v1/dashboard/ HTTP/1.1" 200 7349
[02/Jun/2026 12:17:22] "GET /api/v1/members/35/location-history/ HTTP/1.1" 200 2246
[02/Jun/2026 12:17:29] "GET /api/v1/dashboard/ HTTP/1.1" 200 7349
[02/Jun/2026 12:17:32] "GET /api/v1/members/36/location-history/ HTTP/1.1" 200 2237
[02/Jun/2026 12:17:36] "GET /api/v1/members/37/location-history/ HTTP/1.1" 200 2226
[02/Jun/2026 12:17:40] "GET /api/v1/members/37/location-history/ HTTP/1.1" 200 2226
[02/Jun/2026 12:17:59] "GET /api/v1/dashboard/ HTTP/1.1" 200 7349
[02/Jun/2026 12:18:06] "GET /api/v1/members/35/location-history/ HTTP/1.1" 200 2246
[02/Jun/2026 12:18:16] "GET /api/v1/members/37/location-history/ HTTP/1.1" 200 2226
[02/Jun/2026 12:18:29] "GET /api/v1/dashboard/ HTTP/1.1" 200 7349
[02/Jun/2026 12:18:44] "GET /api/v1/members/38/location-history/ HTTP/1.1" 200 1954
[02/Jun/2026 12:18:49] "GET /api/v1/members/36/location-history/ HTTP/1.1" 200 2237
[02/Jun/2026 12:18:59] "GET /api/v1/dashboard/ HTTP/1.1" 200 7349
[02/Jun/2026 12:19:20] "GET /api/v1/members/35/location-history/ HTTP/1.1" 200 2246
[02/Jun/2026 12:19:29] "GET /api/v1/dashboard/ HTTP/1.1" 200 7349
[02/Jun/2026 12:19:32] "GET /api/v1/members/36/location-history/ HTTP/1.1" 200 2237
[02/Jun/2026 12:19:33] "GET /api/v1/members/37/location-history/ HTTP/1.1" 200 2226
[02/Jun/2026 12:19:59] "GET /api/v1/dashboard/ HTTP/1.1" 200 7349
[02/Jun/2026 12:20:08] "GET /api/v1/members/37/location-history/ HTTP/1.1" 200 2226
[02/Jun/2026 12:20:09] "GET /api/v1/members/34/location-history/ HTTP/1.1" 200 11886
[02/Jun/2026 12:20:10] "GET /api/v1/members/35/location-history/ HTTP/1.1" 200 2246
[02/Jun/2026 12:20:12] "GET /api/v1/members/38/location-history/ HTTP/1.1" 200 1954
[02/Jun/2026 12:20:15] "GET /api/v1/members/37/location-history/ HTTP/1.1" 200 2226
[02/Jun/2026 12:20:24] "GET /api/v1/members/38/location-history/ HTTP/1.1" 200 1954
[02/Jun/2026 12:20:29] "GET /api/v1/dashboard/ HTTP/1.1" 200 7349
[02/Jun/2026 12:20:59] "GET /api/v1/dashboard/ HTTP/1.1" 200 7349
[02/Jun/2026 12:21:29] "GET /api/v1/dashboard/ HTTP/1.1" 200 7349
[02/Jun/2026 12:21:59] "GET /api/v1/dashboard/ HTTP/1.1" 200 7349
[02/Jun/2026 12:22:29] "GET /api/v1/dashboard/ HTTP/1.1" 200 7349
[02/Jun/2026 12:22:59] "GET /api/v1/dashboard/ HTTP/1.1" 200 7349
[02/Jun/2026 12:23:29] "GET /api/v1/dashboard/ HTTP/1.1" 200 7349
[02/Jun/2026 12:23:59] "GET /api/v1/dashboard/ HTTP/1.1" 200 7349
[02/Jun/2026 12:24:29] "GET /api/v1/dashboard/ HTTP/1.1" 200 7349
[02/Jun/2026 12:24:59] "GET /api/v1/dashboard/ HTTP/1.1" 200 7349
[02/Jun/2026 12:25:29] "GET /api/v1/dashboard/ HTTP/1.1" 200 7349
[02/Jun/2026 12:25:59] "GET /api/v1/dashboard/ HTTP/1.1" 200 7349
[02/Jun/2026 12:26:07] "GET /api/v1/members/38/location-history/ HTTP/1.1" 200 1954
[02/Jun/2026 12:26:09] "GET /api/v1/members/34/location-history/ HTTP/1.1" 200 11886
[02/Jun/2026 12:26:29] "GET /api/v1/dashboard/ HTTP/1.1" 200 7349
[02/Jun/2026 12:26:59] "GET /api/v1/dashboard/ HTTP/1.1" 200 7349
[02/Jun/2026 12:27:29] "GET /api/v1/dashboard/ HTTP/1.1" 200 7349
C:\Users\user\Desktop\Family-Care-Mobile-30-04\backend\familycare_api\services.py changed, reloading.
Watching for file changes with StatReloader
[02/Jun/2026 12:27:59] "GET /api/v1/dashboard/ HTTP/1.1" 200 7349
C:\Users\user\Desktop\Family-Care-Mobile-30-04\backend\familycare_api\presenters.py changed, reloading.
Watching for file changes with StatReloader
C:\Users\user\Desktop\Family-Care-Mobile-30-04\backend\familycare_api\presenters.py changed, reloading.
Watching for file changes with StatReloader
[02/Jun/2026 12:28:29] "GET /api/v1/dashboard/ HTTP/1.1" 200 7349
C:\Users\user\Desktop\Family-Care-Mobile-30-04\backend\familycare_api\views.py changed, reloading.
Watching for file changes with StatReloader
[02/Jun/2026 12:28:59] "GET /api/v1/dashboard/ HTTP/1.1" 200 7349
[02/Jun/2026 12:29:29] "GET /api/v1/dashboard/ HTTP/1.1" 200 7349
C:\Users\user\Desktop\Family-Care-Mobile-30-04\backend\familycare_api\views.py changed, reloading.
Watching for file changes with StatReloader
C:\Users\user\Desktop\Family-Care-Mobile-30-04\backend\familycare_api\urls.py changed, reloading.
Watching for file changes with StatReloader
[02/Jun/2026 12:29:59] "GET /api/v1/dashboard/ HTTP/1.1" 200 7349
[02/Jun/2026 12:30:29] "GET /api/v1/dashboard/ HTTP/1.1" 200 7349
[02/Jun/2026 12:30:59] "GET /api/v1/dashboard/ HTTP/1.1" 200 7349
[02/Jun/2026 12:31:29] "GET /api/v1/dashboard/ HTTP/1.1" 200 7349
[02/Jun/2026 12:31:59] "GET /api/v1/dashboard/ HTTP/1.1" 200 7349
[02/Jun/2026 12:32:29] "GET /api/v1/dashboard/ HTTP/1.1" 200 7349
[02/Jun/2026 12:32:59] "GET /api/v1/dashboard/ HTTP/1.1" 200 7349
[02/Jun/2026 12:33:29] "GET /api/v1/dashboard/ HTTP/1.1" 200 7349
C:\Users\user\Desktop\Family-Care-Mobile-30-04\backend\familycare_api\services.py changed, reloading.
Watching for file changes with StatReloader
C:\Users\user\Desktop\Family-Care-Mobile-30-04\backend\familycare_api\presenters.py changed, reloading.
Watching for file changes with StatReloader
[02/Jun/2026 12:33:59] "GET /api/v1/dashboard/ HTTP/1.1" 200 7349
C:\Users\user\Desktop\Family-Care-Mobile-30-04\backend\familycare_api\views.py changed, reloading.
Watching for file changes with StatReloader
[02/Jun/2026 12:34:29] "GET /api/v1/dashboard/ HTTP/1.1" 200 7349
C:\Users\user\Desktop\Family-Care-Mobile-30-04\backend\familycare_api\routing.py changed, reloading.
Watching for file changes with StatReloader
[02/Jun/2026 12:34:59] "GET /api/v1/dashboard/ HTTP/1.1" 200 7349
[02/Jun/2026 12:35:29] "GET /api/v1/dashboard/ HTTP/1.1" 200 7349
[02/Jun/2026 12:35:59] "GET /api/v1/dashboard/ HTTP/1.1" 200 7349
C:\Users\user\Desktop\Family-Care-Mobile-30-04\backend\familycare_api\routing.py changed, reloading.
Watching for file changes with StatReloader
C:\Users\user\Desktop\Family-Care-Mobile-30-04\backend\familycare_api\views.py changed, reloading.
Watching for file changes with StatReloader
[02/Jun/2026 12:36:29] "GET /api/v1/dashboard/ HTTP/1.1" 200 7349
[02/Jun/2026 12:36:59] "GET /api/v1/dashboard/ HTTP/1.1" 200 7349
[02/Jun/2026 12:37:29] "GET /api/v1/dashboard/ HTTP/1.1" 200 7349
[02/Jun/2026 12:37:59] "GET /api/v1/dashboard/ HTTP/1.1" 200 7349
[02/Jun/2026 12:38:29] "GET /api/v1/dashboard/ HTTP/1.1" 200 7349
[02/Jun/2026 12:38:35] "POST /api/v1/auth/request-code/ HTTP/1.1" 201 145
[02/Jun/2026 12:38:35] "POST /api/v1/auth/verify-code/ HTTP/1.1" 200 123
[02/Jun/2026 12:38:35] "POST /api/v1/auth/login/ HTTP/1.1" 200 7928
Unprocessable Entity: /api/v1/sos/routes/
[02/Jun/2026 12:38:36] "GET /api/v1/sos/routes/ HTTP/1.1" 422 59
[02/Jun/2026 12:38:36,684] - Broken pipe from ('127.0.0.1', 55435)
C:\Users\user\Desktop\Family-Care-Mobile-30-04\backend\familycare_api\routing.py changed, reloading.
Watching for file changes with StatReloader
[02/Jun/2026 12:38:59] "GET /api/v1/dashboard/ HTTP/1.1" 200 7320
[02/Jun/2026 12:39:08] "POST /api/v1/auth/request-code/ HTTP/1.1" 201 145
[02/Jun/2026 12:39:08] "POST /api/v1/auth/verify-code/ HTTP/1.1" 200 123
[02/Jun/2026 12:39:08] "POST /api/v1/auth/login/ HTTP/1.1" 200 7928
Unprocessable Entity: /api/v1/sos/routes/
[02/Jun/2026 12:39:09] "GET /api/v1/sos/routes/ HTTP/1.1" 422 59
[02/Jun/2026 12:39:09,782] - Broken pipe from ('127.0.0.1', 55482)
[02/Jun/2026 12:39:29] "GET /api/v1/dashboard/ HTTP/1.1" 200 7320
C:\Users\user\Desktop\Family-Care-Mobile-30-04\backend\familycare_api\routing.py changed, reloading.
Watching for file changes with StatReloader
[02/Jun/2026 12:39:52] "POST /api/v1/auth/request-code/ HTTP/1.1" 201 145
[02/Jun/2026 12:39:52] "POST /api/v1/auth/verify-code/ HTTP/1.1" 200 123
[02/Jun/2026 12:39:52] "POST /api/v1/auth/login/ HTTP/1.1" 200 7938
Unprocessable Entity: /api/v1/sos/routes/
[02/Jun/2026 12:39:53] "GET /api/v1/sos/routes/ HTTP/1.1" 422 59
[02/Jun/2026 12:39:53,219] - Broken pipe from ('127.0.0.1', 55533)
[02/Jun/2026 12:40:00] "GET /api/v1/dashboard/ HTTP/1.1" 200 7330
C:\Users\user\Desktop\Family-Care-Mobile-30-04\backend\familycare_api\routing.py changed, reloading.
Watching for file changes with StatReloader
[02/Jun/2026 12:40:30] "GET /api/v1/dashboard/ HTTP/1.1" 200 7330
C:\Users\user\Desktop\Family-Care-Mobile-30-04\backend\familycare_api\routing.py changed, reloading.
Watching for file changes with StatReloader
[02/Jun/2026 12:41:00] "GET /api/v1/dashboard/ HTTP/1.1" 200 7330
[02/Jun/2026 12:41:30] "GET /api/v1/dashboard/ HTTP/1.1" 200 7330
C:\Users\user\Desktop\Family-Care-Mobile-30-04\backend\familycare_api\routing.py changed, reloading.
Watching for file changes with StatReloader
C:\Users\user\Desktop\Family-Care-Mobile-30-04\backend\familycare_api\routing.py changed, reloading.
Watching for file changes with StatReloader
[02/Jun/2026 12:42:00] "GET /api/v1/dashboard/ HTTP/1.1" 200 7330
[02/Jun/2026 12:42:06] "POST /api/v1/auth/request-code/ HTTP/1.1" 201 145
[02/Jun/2026 12:42:06] "POST /api/v1/auth/verify-code/ HTTP/1.1" 200 123
[02/Jun/2026 12:42:06] "POST /api/v1/auth/login/ HTTP/1.1" 200 7938
Internal Server Error: /api/v1/sos/routes/
Traceback (most recent call last):
  File "C:\Users\user\AppData\Local\Programs\Python\Python310\lib\site-packages\django\core\handlers\exception.py", line 55, in inner
    response = get_response(request)
  File "C:\Users\user\AppData\Local\Programs\Python\Python310\lib\site-packages\django\core\handlers\base.py", line 197, in _get_response
    response = wrapped_callback(request, *callback_args, **callback_kwargs)
  File "C:\Users\user\AppData\Local\Programs\Python\Python310\lib\site-packages\django\views\decorators\http.py", line 64, in inner
    return func(request, *args, **kwargs)
  File "C:\Users\user\Desktop\Family-Care-Mobile-30-04\backend\familycare_api\auth.py", line 74, in wrapped
    return view_func(request, *args, **kwargs)
  File "C:\Users\user\Desktop\Family-Care-Mobile-30-04\backend\familycare_api\views.py", line 424, in sos_routes_view
    routes = sos_routes_for_profile(request.profile)
  File "C:\Users\user\Desktop\Family-Care-Mobile-30-04\backend\familycare_api\services.py", line 656, in sos_routes_for_profile
    plan_route_for_alert(
  File "C:\Users\user\Desktop\Family-Care-Mobile-30-04\backend\familycare_api\routing.py", line 133, in plan_route_for_alert
    graph, dijkstra_nodes, astar_nodes, dijkstra_length, astar_length = plan_route_for_points(
  File "C:\Users\user\Desktop\Family-Care-Mobile-30-04\backend\familycare_api\routing.py", line 70, in plan_route_for_points
    graph = _load_route_graph(start_lat, start_lon, target_lat, target_lon, padding)
  File "C:\Users\user\Desktop\Family-Care-Mobile-30-04\backend\familycare_api\routing.py", line 183, in _load_route_graph
    graph = _cached_graph_for_bbox(*bbox)
  File "C:\Users\user\Desktop\Family-Care-Mobile-30-04\backend\familycare_api\routing.py", line 208, in _cached_graph_for_bbox
    f"{overpass_url}?data={quote(query)}",
NameError: name 'quote' is not defined
[02/Jun/2026 12:42:06] "GET /api/v1/sos/routes/ HTTP/1.1" 500 97097
[02/Jun/2026 12:42:06,817] - Broken pipe from ('127.0.0.1', 49972)
[02/Jun/2026 12:42:30] "GET /api/v1/dashboard/ HTTP/1.1" 200 7330
[02/Jun/2026 12:43:00] "GET /api/v1/dashboard/ HTTP/1.1" 200 7330
C:\Users\user\Desktop\Family-Care-Mobile-30-04\backend\familycare_api\routing.py changed, reloading.
Watching for file changes with StatReloader
[02/Jun/2026 12:43:30] "GET /api/v1/dashboard/ HTTP/1.1" 200 7330
[02/Jun/2026 12:43:45] "POST /api/v1/auth/request-code/ HTTP/1.1" 201 145
[02/Jun/2026 12:43:45] "POST /api/v1/auth/verify-code/ HTTP/1.1" 200 123
[02/Jun/2026 12:43:45] "POST /api/v1/auth/login/ HTTP/1.1" 200 7957
[02/Jun/2026 12:43:48] "GET /api/v1/sos/routes/ HTTP/1.1" 200 13512
[02/Jun/2026 12:43:48,764] - Broken pipe from ('127.0.0.1', 63669)
[02/Jun/2026 12:44:00] "GET /api/v1/dashboard/ HTTP/1.1" 200 7349
[02/Jun/2026 12:44:30] "GET /api/v1/dashboard/ HTTP/1.1" 200 7349
[02/Jun/2026 12:45:00] "GET /api/v1/dashboard/ HTTP/1.1" 200 7349
[02/Jun/2026 12:45:30] "GET /api/v1/dashboard/ HTTP/1.1" 200 7349
[02/Jun/2026 12:46:00] "GET /api/v1/dashboard/ HTTP/1.1" 200 7349
[02/Jun/2026 12:46:04] "GET /api/v1/members/37/location-history/ HTTP/1.1" 200 2226
[02/Jun/2026 12:46:30] "GET /api/v1/dashboard/ HTTP/1.1" 200 7349
[02/Jun/2026 12:46:47] "GET /api/v1/dashboard/ HTTP/1.1" 200 7349
[02/Jun/2026 12:46:47] "GET /api/v1/members/34/location-history/ HTTP/1.1" 200 11886
[02/Jun/2026 12:46:56] "GET /api/v1/sos/routes/ HTTP/1.1" 200 13512
[02/Jun/2026 12:47:01] "GET /api/v1/members/35/location-history/ HTTP/1.1" 200 2246
[02/Jun/2026 12:47:08] "GET /api/v1/sos/routes/ HTTP/1.1" 200 13512
[02/Jun/2026 12:47:10] "GET /api/v1/sos/routes/ HTTP/1.1" 200 13512
[02/Jun/2026 12:47:13] "GET /api/v1/members/34/location-history/ HTTP/1.1" 200 11886
[02/Jun/2026 12:47:15] "GET /api/v1/sos/routes/ HTTP/1.1" 200 13512
[02/Jun/2026 12:47:17] "GET /api/v1/dashboard/ HTTP/1.1" 200 7349
[02/Jun/2026 12:47:17] "GET /api/v1/sos/routes/ HTTP/1.1" 200 13512
[02/Jun/2026 12:47:19] "GET /api/v1/sos/routes/ HTTP/1.1" 200 13512
[02/Jun/2026 12:47:41] "GET /api/v1/sos/routes/ HTTP/1.1" 200 13512
[02/Jun/2026 12:47:47] "GET /api/v1/dashboard/ HTTP/1.1" 200 7349
[02/Jun/2026 12:47:47] "GET /api/v1/sos/routes/ HTTP/1.1" 200 13512
[02/Jun/2026 12:48:17] "GET /api/v1/dashboard/ HTTP/1.1" 200 7349
[02/Jun/2026 12:48:17] "GET /api/v1/sos/routes/ HTTP/1.1" 200 13512
[02/Jun/2026 12:48:25] "GET /api/v1/members/35/location-history/ HTTP/1.1" 200 2246
[02/Jun/2026 12:48:28] "GET /api/v1/members/36/location-history/ HTTP/1.1" 200 2237
[02/Jun/2026 12:48:31] "GET /api/v1/members/36/location-history/ HTTP/1.1" 200 2237
[02/Jun/2026 12:48:33] "GET /api/v1/sos/routes/ HTTP/1.1" 200 13512
[02/Jun/2026 12:48:47] "GET /api/v1/dashboard/ HTTP/1.1" 200 7352
[02/Jun/2026 12:48:47] "GET /api/v1/sos/routes/ HTTP/1.1" 200 13512
[02/Jun/2026 12:59:44] "GET /api/v1/dashboard/ HTTP/1.1" 200 7352
[02/Jun/2026 12:59:44] "GET /api/v1/members/34/location-history/ HTTP/1.1" 200 11886
[02/Jun/2026 13:00:14] "GET /api/v1/dashboard/ HTTP/1.1" 200 7352
[02/Jun/2026 13:00:44] "GET /api/v1/dashboard/ HTTP/1.1" 200 7352
[02/Jun/2026 13:01:10] "POST /api/v1/invitations/ HTTP/1.1" 201 316
[02/Jun/2026 13:01:10] "GET /api/v1/dashboard/ HTTP/1.1" 200 7670
[02/Jun/2026 13:01:14] "GET /api/v1/dashboard/ HTTP/1.1" 200 7670
[02/Jun/2026 13:01:44] "GET /api/v1/dashboard/ HTTP/1.1" 200 7670
[02/Jun/2026 13:02:14] "GET /api/v1/dashboard/ HTTP/1.1" 200 7675
[02/Jun/2026 13:02:44] "GET /api/v1/dashboard/ HTTP/1.1" 200 7675
[02/Jun/2026 13:03:14] "GET /api/v1/dashboard/ HTTP/1.1" 200 7675
Bad Request: /api/v1/invitations/
[02/Jun/2026 13:03:29] "POST /api/v1/invitations/ HTTP/1.1" 400 49
[02/Jun/2026 13:03:44] "GET /api/v1/members/35/location-history/ HTTP/1.1" 200 2246
[02/Jun/2026 13:03:44] "GET /api/v1/dashboard/ HTTP/1.1" 200 7675
[02/Jun/2026 13:03:47] "GET /api/v1/members/35/location-history/ HTTP/1.1" 200 2246
[02/Jun/2026 13:04:14] "GET /api/v1/dashboard/ HTTP/1.1" 200 7675
[02/Jun/2026 13:04:44] "GET /api/v1/dashboard/ HTTP/1.1" 200 7675
[02/Jun/2026 13:05:14] "GET /api/v1/dashboard/ HTTP/1.1" 200 7675
[02/Jun/2026 13:05:39] "POST /api/v1/invitations/ HTTP/1.1" 201 313
[02/Jun/2026 13:05:39] "GET /api/v1/dashboard/ HTTP/1.1" 200 7990
[02/Jun/2026 13:05:44] "GET /api/v1/dashboard/ HTTP/1.1" 200 7990
[02/Jun/2026 13:06:14] "GET /api/v1/dashboard/ HTTP/1.1" 200 7990
[02/Jun/2026 13:06:44] "GET /api/v1/dashboard/ HTTP/1.1" 200 7995
[02/Jun/2026 13:06:47] "GET /api/v1/members/35/location-history/ HTTP/1.1" 200 2246
[02/Jun/2026 13:06:52] "GET /api/v1/members/35/location-history/ HTTP/1.1" 200 2246
[02/Jun/2026 13:06:54] "GET /api/v1/sos/routes/ HTTP/1.1" 200 13512
[02/Jun/2026 13:06:59] "GET /api/v1/members/36/location-history/ HTTP/1.1" 200 2237
[02/Jun/2026 13:07:14] "GET /api/v1/dashboard/ HTTP/1.1" 200 7995
[02/Jun/2026 13:07:14] "GET /api/v1/sos/routes/ HTTP/1.1" 200 13512
[02/Jun/2026 13:07:44] "GET /api/v1/dashboard/ HTTP/1.1" 200 7995
[02/Jun/2026 13:07:44] "GET /api/v1/sos/routes/ HTTP/1.1" 200 13512
[02/Jun/2026 13:08:14] "GET /api/v1/dashboard/ HTTP/1.1" 200 7995
[02/Jun/2026 13:08:14] "GET /api/v1/sos/routes/ HTTP/1.1" 200 13512
[02/Jun/2026 13:08:44] "GET /api/v1/dashboard/ HTTP/1.1" 200 7995
[02/Jun/2026 13:08:45] "GET /api/v1/sos/routes/ HTTP/1.1" 200 13512
[02/Jun/2026 13:09:14] "GET /api/v1/dashboard/ HTTP/1.1" 200 7995
[02/Jun/2026 13:09:15] "GET /api/v1/sos/routes/ HTTP/1.1" 200 13512
[02/Jun/2026 13:09:44] "GET /api/v1/dashboard/ HTTP/1.1" 200 7995
[02/Jun/2026 13:09:45] "GET /api/v1/sos/routes/ HTTP/1.1" 200 13512
[02/Jun/2026 13:10:14] "GET /api/v1/dashboard/ HTTP/1.1" 200 7995
[02/Jun/2026 13:10:15] "GET /api/v1/sos/routes/ HTTP/1.1" 200 13512
[02/Jun/2026 13:10:44] "GET /api/v1/dashboard/ HTTP/1.1" 200 7995
[02/Jun/2026 13:10:45] "GET /api/v1/sos/routes/ HTTP/1.1" 200 13512
[02/Jun/2026 13:11:14] "GET /api/v1/dashboard/ HTTP/1.1" 200 7996
[02/Jun/2026 13:11:15] "GET /api/v1/sos/routes/ HTTP/1.1" 200 13512
[02/Jun/2026 13:11:44] "GET /api/v1/dashboard/ HTTP/1.1" 200 7996
[02/Jun/2026 13:11:45] "GET /api/v1/sos/routes/ HTTP/1.1" 200 13512
[02/Jun/2026 13:12:14] "GET /api/v1/dashboard/ HTTP/1.1" 200 7996
[02/Jun/2026 13:12:15] "GET /api/v1/sos/routes/ HTTP/1.1" 200 13512
[02/Jun/2026 13:12:44] "GET /api/v1/dashboard/ HTTP/1.1" 200 7996
[02/Jun/2026 13:12:45] "GET /api/v1/sos/routes/ HTTP/1.1" 200 13512
[02/Jun/2026 13:13:14] "GET /api/v1/dashboard/ HTTP/1.1" 200 7996
[02/Jun/2026 13:13:15] "GET /api/v1/sos/routes/ HTTP/1.1" 200 13512
[02/Jun/2026 13:13:44] "GET /api/v1/dashboard/ HTTP/1.1" 200 7996
[02/Jun/2026 13:13:45] "GET /api/v1/sos/routes/ HTTP/1.1" 200 13512
[02/Jun/2026 13:14:14] "GET /api/v1/dashboard/ HTTP/1.1" 200 7996
[02/Jun/2026 13:14:15] "GET /api/v1/sos/routes/ HTTP/1.1" 200 13512
[02/Jun/2026 13:14:44] "GET /api/v1/dashboard/ HTTP/1.1" 200 7996
[02/Jun/2026 13:14:45] "GET /api/v1/sos/routes/ HTTP/1.1" 200 13512
[02/Jun/2026 13:15:14] "GET /api/v1/dashboard/ HTTP/1.1" 200 7996
[02/Jun/2026 13:15:15] "GET /api/v1/sos/routes/ HTTP/1.1" 200 13512
[02/Jun/2026 13:15:44] "GET /api/v1/dashboard/ HTTP/1.1" 200 7997
[02/Jun/2026 13:15:45] "GET /api/v1/sos/routes/ HTTP/1.1" 200 13512
[02/Jun/2026 13:16:14] "GET /api/v1/dashboard/ HTTP/1.1" 200 7997
[02/Jun/2026 13:16:15] "GET /api/v1/sos/routes/ HTTP/1.1" 200 13512
[02/Jun/2026 13:16:44] "GET /api/v1/dashboard/ HTTP/1.1" 200 7997
[02/Jun/2026 13:16:45] "GET /api/v1/sos/routes/ HTTP/1.1" 200 13512
[02/Jun/2026 13:17:14] "GET /api/v1/dashboard/ HTTP/1.1" 200 7997
[02/Jun/2026 13:17:15] "GET /api/v1/sos/routes/ HTTP/1.1" 200 13512
[02/Jun/2026 13:17:44] "GET /api/v1/dashboard/ HTTP/1.1" 200 7997
[02/Jun/2026 13:17:45] "GET /api/v1/sos/routes/ HTTP/1.1" 200 13512
[02/Jun/2026 13:18:14] "GET /api/v1/dashboard/ HTTP/1.1" 200 7997
[02/Jun/2026 13:18:15] "GET /api/v1/sos/routes/ HTTP/1.1" 200 13512
[02/Jun/2026 13:18:44] "GET /api/v1/dashboard/ HTTP/1.1" 200 7997
[02/Jun/2026 13:18:45] "GET /api/v1/sos/routes/ HTTP/1.1" 200 13512
[02/Jun/2026 13:19:14] "GET /api/v1/dashboard/ HTTP/1.1" 200 7997
[02/Jun/2026 13:19:15] "GET /api/v1/sos/routes/ HTTP/1.1" 200 13512
[02/Jun/2026 13:19:44] "GET /api/v1/dashboard/ HTTP/1.1" 200 7997
[02/Jun/2026 13:19:45] "GET /api/v1/sos/routes/ HTTP/1.1" 200 13512
[02/Jun/2026 13:20:14] "GET /api/v1/dashboard/ HTTP/1.1" 200 7997
[02/Jun/2026 13:20:15] "GET /api/v1/sos/routes/ HTTP/1.1" 200 13512
[02/Jun/2026 13:20:44] "GET /api/v1/dashboard/ HTTP/1.1" 200 7997
[02/Jun/2026 13:20:45] "GET /api/v1/sos/routes/ HTTP/1.1" 200 13512
[02/Jun/2026 13:21:14] "GET /api/v1/dashboard/ HTTP/1.1" 200 7997
[02/Jun/2026 13:21:15] "GET /api/v1/sos/routes/ HTTP/1.1" 200 13512
[02/Jun/2026 13:21:44] "GET /api/v1/dashboard/ HTTP/1.1" 200 7997
[02/Jun/2026 13:21:45] "GET /api/v1/sos/routes/ HTTP/1.1" 200 13512
[02/Jun/2026 13:22:14] "GET /api/v1/dashboard/ HTTP/1.1" 200 7997
[02/Jun/2026 13:22:15] "GET /api/v1/sos/routes/ HTTP/1.1" 200 13512
[02/Jun/2026 13:22:44] "GET /api/v1/dashboard/ HTTP/1.1" 200 7997
[02/Jun/2026 13:22:45] "GET /api/v1/sos/routes/ HTTP/1.1" 200 13512
[02/Jun/2026 13:23:14] "GET /api/v1/dashboard/ HTTP/1.1" 200 7997
[02/Jun/2026 13:23:15] "GET /api/v1/sos/routes/ HTTP/1.1" 200 13512
[02/Jun/2026 13:23:44] "GET /api/v1/dashboard/ HTTP/1.1" 200 7997
[02/Jun/2026 13:23:45] "GET /api/v1/sos/routes/ HTTP/1.1" 200 13512
[02/Jun/2026 13:24:14] "GET /api/v1/dashboard/ HTTP/1.1" 200 7997
[02/Jun/2026 13:24:15] "GET /api/v1/sos/routes/ HTTP/1.1" 200 13512
[02/Jun/2026 13:24:44] "GET /api/v1/dashboard/ HTTP/1.1" 200 7997
[02/Jun/2026 13:24:45] "GET /api/v1/sos/routes/ HTTP/1.1" 200 13512
[02/Jun/2026 13:25:14] "GET /api/v1/dashboard/ HTTP/1.1" 200 7997
[02/Jun/2026 13:25:15] "GET /api/v1/sos/routes/ HTTP/1.1" 200 13512
[02/Jun/2026 13:25:44] "GET /api/v1/dashboard/ HTTP/1.1" 200 7997
[02/Jun/2026 13:25:45] "GET /api/v1/sos/routes/ HTTP/1.1" 200 13512
[02/Jun/2026 13:26:14] "GET /api/v1/dashboard/ HTTP/1.1" 200 7997
[02/Jun/2026 13:26:15] "GET /api/v1/sos/routes/ HTTP/1.1" 200 13512
[02/Jun/2026 13:26:44] "GET /api/v1/dashboard/ HTTP/1.1" 200 7997
[02/Jun/2026 13:26:45] "GET /api/v1/sos/routes/ HTTP/1.1" 200 13512
[02/Jun/2026 13:27:15] "GET /api/v1/dashboard/ HTTP/1.1" 200 7997
[02/Jun/2026 13:27:15] "GET /api/v1/sos/routes/ HTTP/1.1" 200 13512
[02/Jun/2026 13:27:45] "GET /api/v1/dashboard/ HTTP/1.1" 200 7997
[02/Jun/2026 13:27:45] "GET /api/v1/sos/routes/ HTTP/1.1" 200 13512
[02/Jun/2026 13:28:15] "GET /api/v1/dashboard/ HTTP/1.1" 200 7997
[02/Jun/2026 13:28:15] "GET /api/v1/sos/routes/ HTTP/1.1" 200 13512
[02/Jun/2026 13:28:45] "GET /api/v1/dashboard/ HTTP/1.1" 200 7997
[02/Jun/2026 13:28:45] "GET /api/v1/sos/routes/ HTTP/1.1" 200 13512
[02/Jun/2026 13:29:15] "GET /api/v1/dashboard/ HTTP/1.1" 200 7997
[02/Jun/2026 13:29:15] "GET /api/v1/sos/routes/ HTTP/1.1" 200 13512
[02/Jun/2026 13:29:45] "GET /api/v1/dashboard/ HTTP/1.1" 200 7997
[02/Jun/2026 13:29:45] "GET /api/v1/sos/routes/ HTTP/1.1" 200 13512
[02/Jun/2026 13:30:15] "GET /api/v1/dashboard/ HTTP/1.1" 200 7997
[02/Jun/2026 13:30:15] "GET /api/v1/sos/routes/ HTTP/1.1" 200 13512
[02/Jun/2026 13:30:45] "GET /api/v1/dashboard/ HTTP/1.1" 200 7997
[02/Jun/2026 13:30:45] "GET /api/v1/sos/routes/ HTTP/1.1" 200 13512
[02/Jun/2026 13:31:15] "GET /api/v1/dashboard/ HTTP/1.1" 200 7997
[02/Jun/2026 13:31:15] "GET /api/v1/sos/routes/ HTTP/1.1" 200 13512
[02/Jun/2026 13:31:45] "GET /api/v1/dashboard/ HTTP/1.1" 200 7997
[02/Jun/2026 13:31:45] "GET /api/v1/sos/routes/ HTTP/1.1" 200 13512
[02/Jun/2026 13:32:15] "GET /api/v1/dashboard/ HTTP/1.1" 200 7997
[02/Jun/2026 13:32:15] "GET /api/v1/sos/routes/ HTTP/1.1" 200 13512
[02/Jun/2026 13:32:45] "GET /api/v1/dashboard/ HTTP/1.1" 200 7997
[02/Jun/2026 13:32:45] "GET /api/v1/sos/routes/ HTTP/1.1" 200 13512
[02/Jun/2026 13:33:15] "GET /api/v1/dashboard/ HTTP/1.1" 200 7997
[02/Jun/2026 13:33:15] "GET /api/v1/sos/routes/ HTTP/1.1" 200 13512
[02/Jun/2026 13:33:45] "GET /api/v1/dashboard/ HTTP/1.1" 200 7997
[02/Jun/2026 13:33:45] "GET /api/v1/sos/routes/ HTTP/1.1" 200 13512
[02/Jun/2026 13:34:15] "GET /api/v1/dashboard/ HTTP/1.1" 200 7997
[02/Jun/2026 13:34:15] "GET /api/v1/sos/routes/ HTTP/1.1" 200 13512
[02/Jun/2026 13:34:45] "GET /api/v1/dashboard/ HTTP/1.1" 200 7997
[02/Jun/2026 13:34:45] "GET /api/v1/sos/routes/ HTTP/1.1" 200 13512
[02/Jun/2026 13:35:15] "GET /api/v1/dashboard/ HTTP/1.1" 200 7997
[02/Jun/2026 13:35:15] "GET /api/v1/sos/routes/ HTTP/1.1" 200 13512
[02/Jun/2026 13:35:45] "GET /api/v1/dashboard/ HTTP/1.1" 200 7997
[02/Jun/2026 13:35:45] "GET /api/v1/sos/routes/ HTTP/1.1" 200 13512
[02/Jun/2026 13:36:15] "GET /api/v1/dashboard/ HTTP/1.1" 200 7997
[02/Jun/2026 13:36:15] "GET /api/v1/sos/routes/ HTTP/1.1" 200 13512
[02/Jun/2026 13:36:45] "GET /api/v1/dashboard/ HTTP/1.1" 200 7997
[02/Jun/2026 13:36:45] "GET /api/v1/sos/routes/ HTTP/1.1" 200 13512
[02/Jun/2026 13:37:15] "GET /api/v1/dashboard/ HTTP/1.1" 200 7997
[02/Jun/2026 13:37:15] "GET /api/v1/sos/routes/ HTTP/1.1" 200 13512
[02/Jun/2026 13:37:45] "GET /api/v1/dashboard/ HTTP/1.1" 200 7997
[02/Jun/2026 13:37:45] "GET /api/v1/sos/routes/ HTTP/1.1" 200 13512
[02/Jun/2026 13:38:15] "GET /api/v1/dashboard/ HTTP/1.1" 200 7997
[02/Jun/2026 13:38:15] "GET /api/v1/sos/routes/ HTTP/1.1" 200 13512
[02/Jun/2026 13:38:45] "GET /api/v1/dashboard/ HTTP/1.1" 200 7988
[02/Jun/2026 13:38:45] "GET /api/v1/sos/routes/ HTTP/1.1" 200 13512
[02/Jun/2026 13:39:15] "GET /api/v1/dashboard/ HTTP/1.1" 200 7988
[02/Jun/2026 13:39:15] "GET /api/v1/sos/routes/ HTTP/1.1" 200 13512
[02/Jun/2026 13:39:45] "GET /api/v1/dashboard/ HTTP/1.1" 200 7988
[02/Jun/2026 13:39:45] "GET /api/v1/sos/routes/ HTTP/1.1" 200 13512
[02/Jun/2026 13:40:15] "GET /api/v1/dashboard/ HTTP/1.1" 200 7988
[02/Jun/2026 13:40:15] "GET /api/v1/sos/routes/ HTTP/1.1" 200 13512
[02/Jun/2026 13:40:45] "GET /api/v1/dashboard/ HTTP/1.1" 200 7988
[02/Jun/2026 13:40:45] "GET /api/v1/sos/routes/ HTTP/1.1" 200 13512
[02/Jun/2026 13:41:15] "GET /api/v1/dashboard/ HTTP/1.1" 200 7988
[02/Jun/2026 13:41:15] "GET /api/v1/sos/routes/ HTTP/1.1" 200 13512
[02/Jun/2026 13:41:45] "GET /api/v1/dashboard/ HTTP/1.1" 200 7988
[02/Jun/2026 13:41:45] "GET /api/v1/sos/routes/ HTTP/1.1" 200 13512
[02/Jun/2026 13:42:15] "GET /api/v1/dashboard/ HTTP/1.1" 200 7988
[02/Jun/2026 13:42:15] "GET /api/v1/sos/routes/ HTTP/1.1" 200 13512
[02/Jun/2026 13:42:45] "GET /api/v1/dashboard/ HTTP/1.1" 200 7988
[02/Jun/2026 13:42:45] "GET /api/v1/sos/routes/ HTTP/1.1" 200 13512
[02/Jun/2026 13:43:15] "GET /api/v1/dashboard/ HTTP/1.1" 200 7988
[02/Jun/2026 13:43:15] "GET /api/v1/sos/routes/ HTTP/1.1" 200 13512
[02/Jun/2026 13:43:45] "GET /api/v1/dashboard/ HTTP/1.1" 200 7988
[02/Jun/2026 13:43:45] "GET /api/v1/sos/routes/ HTTP/1.1" 200 13512
[02/Jun/2026 13:44:15] "GET /api/v1/dashboard/ HTTP/1.1" 200 7988
[02/Jun/2026 13:44:15] "GET /api/v1/sos/routes/ HTTP/1.1" 200 13512
[02/Jun/2026 13:44:45] "GET /api/v1/dashboard/ HTTP/1.1" 200 7988
[02/Jun/2026 13:44:45] "GET /api/v1/sos/routes/ HTTP/1.1" 200 13512
[02/Jun/2026 13:45:15] "GET /api/v1/dashboard/ HTTP/1.1" 200 7988
[02/Jun/2026 13:45:15] "GET /api/v1/sos/routes/ HTTP/1.1" 200 13512
[02/Jun/2026 13:45:45] "GET /api/v1/dashboard/ HTTP/1.1" 200 7988
[02/Jun/2026 13:45:45] "GET /api/v1/sos/routes/ HTTP/1.1" 200 13512
[02/Jun/2026 13:46:15] "GET /api/v1/dashboard/ HTTP/1.1" 200 7988
[02/Jun/2026 13:46:15] "GET /api/v1/sos/routes/ HTTP/1.1" 200 13512
[02/Jun/2026 13:46:45] "GET /api/v1/dashboard/ HTTP/1.1" 200 7988
[02/Jun/2026 13:46:45] "GET /api/v1/sos/routes/ HTTP/1.1" 200 13512
[02/Jun/2026 13:47:15] "GET /api/v1/dashboard/ HTTP/1.1" 200 7988
[02/Jun/2026 13:47:15] "GET /api/v1/sos/routes/ HTTP/1.1" 200 13512
[02/Jun/2026 13:47:45] "GET /api/v1/dashboard/ HTTP/1.1" 200 7988
[02/Jun/2026 13:47:45] "GET /api/v1/sos/routes/ HTTP/1.1" 200 13512
[02/Jun/2026 13:48:15] "GET /api/v1/dashboard/ HTTP/1.1" 200 7988
[02/Jun/2026 13:48:15] "GET /api/v1/sos/routes/ HTTP/1.1" 200 13512
[02/Jun/2026 13:48:45] "GET /api/v1/dashboard/ HTTP/1.1" 200 7988
[02/Jun/2026 13:48:45] "GET /api/v1/sos/routes/ HTTP/1.1" 200 13512
[02/Jun/2026 13:49:15] "GET /api/v1/dashboard/ HTTP/1.1" 200 7988
[02/Jun/2026 13:49:15] "GET /api/v1/sos/routes/ HTTP/1.1" 200 13512
[02/Jun/2026 13:49:45] "GET /api/v1/dashboard/ HTTP/1.1" 200 7988
[02/Jun/2026 13:49:45] "GET /api/v1/sos/routes/ HTTP/1.1" 200 13512
[02/Jun/2026 13:50:15] "GET /api/v1/dashboard/ HTTP/1.1" 200 7988
[02/Jun/2026 13:50:15] "GET /api/v1/sos/routes/ HTTP/1.1" 200 13512
[02/Jun/2026 13:50:45] "GET /api/v1/dashboard/ HTTP/1.1" 200 7988
[02/Jun/2026 13:50:45] "GET /api/v1/sos/routes/ HTTP/1.1" 200 13512
[02/Jun/2026 13:51:15] "GET /api/v1/dashboard/ HTTP/1.1" 200 7988
[02/Jun/2026 13:51:15] "GET /api/v1/sos/routes/ HTTP/1.1" 200 13512
[02/Jun/2026 13:51:45] "GET /api/v1/dashboard/ HTTP/1.1" 200 7988
[02/Jun/2026 13:51:45] "GET /api/v1/sos/routes/ HTTP/1.1" 200 13512
[02/Jun/2026 13:52:15] "GET /api/v1/dashboard/ HTTP/1.1" 200 7988
[02/Jun/2026 13:52:15] "GET /api/v1/sos/routes/ HTTP/1.1" 200 13512
[02/Jun/2026 13:52:45] "GET /api/v1/dashboard/ HTTP/1.1" 200 7988
[02/Jun/2026 13:52:45] "GET /api/v1/sos/routes/ HTTP/1.1" 200 13512
[02/Jun/2026 13:53:15] "GET /api/v1/dashboard/ HTTP/1.1" 200 7988
[02/Jun/2026 13:53:15] "GET /api/v1/sos/routes/ HTTP/1.1" 200 13512
[02/Jun/2026 13:53:45] "GET /api/v1/dashboard/ HTTP/1.1" 200 7988
[02/Jun/2026 13:53:45] "GET /api/v1/sos/routes/ HTTP/1.1" 200 13512
[02/Jun/2026 13:54:15] "GET /api/v1/dashboard/ HTTP/1.1" 200 7988
[02/Jun/2026 13:54:15] "GET /api/v1/sos/routes/ HTTP/1.1" 200 13512
[02/Jun/2026 13:54:45] "GET /api/v1/dashboard/ HTTP/1.1" 200 7988
[02/Jun/2026 13:54:45] "GET /api/v1/sos/routes/ HTTP/1.1" 200 13512
[02/Jun/2026 13:55:15] "GET /api/v1/dashboard/ HTTP/1.1" 200 7988
[02/Jun/2026 13:55:15] "GET /api/v1/sos/routes/ HTTP/1.1" 200 13512
[02/Jun/2026 13:55:45] "GET /api/v1/dashboard/ HTTP/1.1" 200 7988
[02/Jun/2026 13:55:45] "GET /api/v1/sos/routes/ HTTP/1.1" 200 13512
[02/Jun/2026 13:56:15] "GET /api/v1/dashboard/ HTTP/1.1" 200 7988
[02/Jun/2026 13:56:15] "GET /api/v1/sos/routes/ HTTP/1.1" 200 13512
[02/Jun/2026 13:56:45] "GET /api/v1/dashboard/ HTTP/1.1" 200 7988
[02/Jun/2026 13:56:45] "GET /api/v1/sos/routes/ HTTP/1.1" 200 13512
[02/Jun/2026 13:57:15] "GET /api/v1/dashboard/ HTTP/1.1" 200 7988
[02/Jun/2026 13:57:15] "GET /api/v1/sos/routes/ HTTP/1.1" 200 13512
[02/Jun/2026 13:57:45] "GET /api/v1/dashboard/ HTTP/1.1" 200 7988
[02/Jun/2026 13:57:45] "GET /api/v1/sos/routes/ HTTP/1.1" 200 13512
[02/Jun/2026 13:58:15] "GET /api/v1/dashboard/ HTTP/1.1" 200 7988
[02/Jun/2026 13:58:15] "GET /api/v1/sos/routes/ HTTP/1.1" 200 13512
[02/Jun/2026 13:58:45] "GET /api/v1/dashboard/ HTTP/1.1" 200 7988
[02/Jun/2026 13:58:45] "GET /api/v1/sos/routes/ HTTP/1.1" 200 13512
[02/Jun/2026 13:59:15] "GET /api/v1/dashboard/ HTTP/1.1" 200 7988
[02/Jun/2026 13:59:15] "GET /api/v1/sos/routes/ HTTP/1.1" 200 13512
[02/Jun/2026 13:59:45] "GET /api/v1/dashboard/ HTTP/1.1" 200 7988
[02/Jun/2026 13:59:45] "GET /api/v1/sos/routes/ HTTP/1.1" 200 13512
[02/Jun/2026 14:00:15] "GET /api/v1/dashboard/ HTTP/1.1" 200 7988
[02/Jun/2026 14:00:15] "GET /api/v1/sos/routes/ HTTP/1.1" 200 13512
[02/Jun/2026 14:00:45] "GET /api/v1/dashboard/ HTTP/1.1" 200 7988
[02/Jun/2026 14:00:45] "GET /api/v1/sos/routes/ HTTP/1.1" 200 13512
[02/Jun/2026 14:01:15] "GET /api/v1/dashboard/ HTTP/1.1" 200 7985
[02/Jun/2026 14:01:15] "GET /api/v1/sos/routes/ HTTP/1.1" 200 13512
[02/Jun/2026 14:01:45] "GET /api/v1/dashboard/ HTTP/1.1" 200 7985
[02/Jun/2026 14:01:45] "GET /api/v1/sos/routes/ HTTP/1.1" 200 13512
[02/Jun/2026 14:02:15] "GET /api/v1/dashboard/ HTTP/1.1" 200 7985
[02/Jun/2026 14:02:15] "GET /api/v1/sos/routes/ HTTP/1.1" 200 13512
[02/Jun/2026 14:02:45] "GET /api/v1/dashboard/ HTTP/1.1" 200 7985
[02/Jun/2026 14:02:45] "GET /api/v1/sos/routes/ HTTP/1.1" 200 13512
[02/Jun/2026 14:03:15] "GET /api/v1/dashboard/ HTTP/1.1" 200 7985
[02/Jun/2026 14:03:15] "GET /api/v1/sos/routes/ HTTP/1.1" 200 13512
[02/Jun/2026 14:03:45] "GET /api/v1/dashboard/ HTTP/1.1" 200 7985
[02/Jun/2026 14:03:45] "GET /api/v1/sos/routes/ HTTP/1.1" 200 13512
[02/Jun/2026 14:04:15] "GET /api/v1/dashboard/ HTTP/1.1" 200 7985
[02/Jun/2026 14:04:15] "GET /api/v1/sos/routes/ HTTP/1.1" 200 13512
[02/Jun/2026 14:04:45] "GET /api/v1/dashboard/ HTTP/1.1" 200 7985
[02/Jun/2026 14:04:45] "GET /api/v1/sos/routes/ HTTP/1.1" 200 13512
[02/Jun/2026 14:05:15] "GET /api/v1/dashboard/ HTTP/1.1" 200 7985
[02/Jun/2026 14:05:15] "GET /api/v1/sos/routes/ HTTP/1.1" 200 13512
[02/Jun/2026 14:05:45] "GET /api/v1/dashboard/ HTTP/1.1" 200 7982
[02/Jun/2026 14:05:45] "GET /api/v1/sos/routes/ HTTP/1.1" 200 13512
[02/Jun/2026 14:06:15] "GET /api/v1/dashboard/ HTTP/1.1" 200 7982
[02/Jun/2026 14:06:15] "GET /api/v1/sos/routes/ HTTP/1.1" 200 13512
[02/Jun/2026 14:06:45] "GET /api/v1/dashboard/ HTTP/1.1" 200 7982
[02/Jun/2026 14:06:45] "GET /api/v1/sos/routes/ HTTP/1.1" 200 13512
[02/Jun/2026 14:07:15] "GET /api/v1/dashboard/ HTTP/1.1" 200 7982
[02/Jun/2026 14:07:15] "GET /api/v1/sos/routes/ HTTP/1.1" 200 13512
[02/Jun/2026 14:07:45] "GET /api/v1/dashboard/ HTTP/1.1" 200 7982
[02/Jun/2026 14:07:45] "GET /api/v1/sos/routes/ HTTP/1.1" 200 13512
[02/Jun/2026 14:08:15] "GET /api/v1/dashboard/ HTTP/1.1" 200 7982
[02/Jun/2026 14:08:15] "GET /api/v1/sos/routes/ HTTP/1.1" 200 13512
[02/Jun/2026 14:08:45] "GET /api/v1/dashboard/ HTTP/1.1" 200 7982
[02/Jun/2026 14:08:45] "GET /api/v1/sos/routes/ HTTP/1.1" 200 13512
[02/Jun/2026 14:09:15] "GET /api/v1/dashboard/ HTTP/1.1" 200 7982
[02/Jun/2026 14:09:15] "GET /api/v1/sos/routes/ HTTP/1.1" 200 13512
[02/Jun/2026 14:09:45] "GET /api/v1/dashboard/ HTTP/1.1" 200 7982
[02/Jun/2026 14:09:45] "GET /api/v1/sos/routes/ HTTP/1.1" 200 13512
[02/Jun/2026 14:10:15] "GET /api/v1/dashboard/ HTTP/1.1" 200 7982
[02/Jun/2026 14:10:15] "GET /api/v1/sos/routes/ HTTP/1.1" 200 13512
[02/Jun/2026 14:10:45] "GET /api/v1/dashboard/ HTTP/1.1" 200 7982
[02/Jun/2026 14:10:45] "GET /api/v1/sos/routes/ HTTP/1.1" 200 13512
[02/Jun/2026 14:11:15] "GET /api/v1/dashboard/ HTTP/1.1" 200 7982
[02/Jun/2026 14:11:15] "GET /api/v1/sos/routes/ HTTP/1.1" 200 13512
[02/Jun/2026 14:11:45] "GET /api/v1/dashboard/ HTTP/1.1" 200 7982
[02/Jun/2026 14:11:45] "GET /api/v1/sos/routes/ HTTP/1.1" 200 13512
[02/Jun/2026 14:12:15] "GET /api/v1/dashboard/ HTTP/1.1" 200 7982
[02/Jun/2026 14:12:15] "GET /api/v1/sos/routes/ HTTP/1.1" 200 13512
[02/Jun/2026 14:12:45] "GET /api/v1/dashboard/ HTTP/1.1" 200 7982
[02/Jun/2026 14:12:45] "GET /api/v1/sos/routes/ HTTP/1.1" 200 13512
[02/Jun/2026 14:13:15] "GET /api/v1/dashboard/ HTTP/1.1" 200 7982
[02/Jun/2026 14:13:15] "GET /api/v1/sos/routes/ HTTP/1.1" 200 13512
[02/Jun/2026 14:13:45] "GET /api/v1/dashboard/ HTTP/1.1" 200 7982
[02/Jun/2026 14:13:45] "GET /api/v1/sos/routes/ HTTP/1.1" 200 13512
[02/Jun/2026 14:14:15] "GET /api/v1/dashboard/ HTTP/1.1" 200 7982
[02/Jun/2026 14:14:15] "GET /api/v1/sos/routes/ HTTP/1.1" 200 13512
[02/Jun/2026 14:14:45] "GET /api/v1/dashboard/ HTTP/1.1" 200 7982
[02/Jun/2026 14:14:45] "GET /api/v1/sos/routes/ HTTP/1.1" 200 13512
[02/Jun/2026 14:15:15] "GET /api/v1/dashboard/ HTTP/1.1" 200 7982
[02/Jun/2026 14:15:15] "GET /api/v1/sos/routes/ HTTP/1.1" 200 13512
[02/Jun/2026 14:15:45] "GET /api/v1/dashboard/ HTTP/1.1" 200 7982
[02/Jun/2026 14:15:45] "GET /api/v1/sos/routes/ HTTP/1.1" 200 13512
[02/Jun/2026 14:16:15] "GET /api/v1/dashboard/ HTTP/1.1" 200 7982
[02/Jun/2026 14:16:15] "GET /api/v1/sos/routes/ HTTP/1.1" 200 13512
[02/Jun/2026 14:16:45] "GET /api/v1/dashboard/ HTTP/1.1" 200 7982
[02/Jun/2026 14:16:45] "GET /api/v1/sos/routes/ HTTP/1.1" 200 13512
[02/Jun/2026 14:17:15] "GET /api/v1/dashboard/ HTTP/1.1" 200 7982
[02/Jun/2026 14:17:15] "GET /api/v1/sos/routes/ HTTP/1.1" 200 13512
[02/Jun/2026 14:17:45] "GET /api/v1/dashboard/ HTTP/1.1" 200 7982
[02/Jun/2026 14:17:45] "GET /api/v1/sos/routes/ HTTP/1.1" 200 13512
[02/Jun/2026 14:18:15] "GET /api/v1/dashboard/ HTTP/1.1" 200 7982
[02/Jun/2026 14:18:15] "GET /api/v1/sos/routes/ HTTP/1.1" 200 13512
[02/Jun/2026 14:18:45] "GET /api/v1/dashboard/ HTTP/1.1" 200 7982
[02/Jun/2026 14:18:45] "GET /api/v1/sos/routes/ HTTP/1.1" 200 13512
[02/Jun/2026 14:19:15] "GET /api/v1/dashboard/ HTTP/1.1" 200 7982
[02/Jun/2026 14:19:15] "GET /api/v1/sos/routes/ HTTP/1.1" 200 13512
[02/Jun/2026 14:19:45] "GET /api/v1/dashboard/ HTTP/1.1" 200 7982
[02/Jun/2026 14:19:45] "GET /api/v1/sos/routes/ HTTP/1.1" 200 13512
[02/Jun/2026 14:20:15] "GET /api/v1/dashboard/ HTTP/1.1" 200 7982
[02/Jun/2026 14:20:15] "GET /api/v1/sos/routes/ HTTP/1.1" 200 13512
[02/Jun/2026 14:20:45] "GET /api/v1/dashboard/ HTTP/1.1" 200 7982
[02/Jun/2026 14:20:45] "GET /api/v1/sos/routes/ HTTP/1.1" 200 13512
[02/Jun/2026 14:21:15] "GET /api/v1/dashboard/ HTTP/1.1" 200 7982
[02/Jun/2026 14:21:15] "GET /api/v1/sos/routes/ HTTP/1.1" 200 13512
[02/Jun/2026 14:21:45] "GET /api/v1/dashboard/ HTTP/1.1" 200 7982
[02/Jun/2026 14:21:45] "GET /api/v1/sos/routes/ HTTP/1.1" 200 13512
[02/Jun/2026 14:22:15] "GET /api/v1/dashboard/ HTTP/1.1" 200 7982
[02/Jun/2026 14:22:15] "GET /api/v1/sos/routes/ HTTP/1.1" 200 13512
[02/Jun/2026 14:22:45] "GET /api/v1/dashboard/ HTTP/1.1" 200 7982
[02/Jun/2026 14:22:45] "GET /api/v1/sos/routes/ HTTP/1.1" 200 13512
[02/Jun/2026 14:23:15] "GET /api/v1/dashboard/ HTTP/1.1" 200 7982
[02/Jun/2026 14:23:15] "GET /api/v1/sos/routes/ HTTP/1.1" 200 13512
[02/Jun/2026 14:23:45] "GET /api/v1/dashboard/ HTTP/1.1" 200 7982
[02/Jun/2026 14:23:45] "GET /api/v1/sos/routes/ HTTP/1.1" 200 13512
[02/Jun/2026 14:24:15] "GET /api/v1/dashboard/ HTTP/1.1" 200 7982
[02/Jun/2026 14:24:15] "GET /api/v1/sos/routes/ HTTP/1.1" 200 13512
[02/Jun/2026 14:24:45] "GET /api/v1/dashboard/ HTTP/1.1" 200 7982
[02/Jun/2026 14:24:45] "GET /api/v1/sos/routes/ HTTP/1.1" 200 13512
[02/Jun/2026 14:25:15] "GET /api/v1/dashboard/ HTTP/1.1" 200 7982
[02/Jun/2026 14:25:15] "GET /api/v1/sos/routes/ HTTP/1.1" 200 13512
[02/Jun/2026 14:25:45] "GET /api/v1/dashboard/ HTTP/1.1" 200 7982
[02/Jun/2026 14:25:45] "GET /api/v1/sos/routes/ HTTP/1.1" 200 13512
[02/Jun/2026 14:26:15] "GET /api/v1/dashboard/ HTTP/1.1" 200 7982
[02/Jun/2026 14:26:15] "GET /api/v1/sos/routes/ HTTP/1.1" 200 13512
[02/Jun/2026 14:26:45] "GET /api/v1/dashboard/ HTTP/1.1" 200 7982
[02/Jun/2026 14:26:45] "GET /api/v1/sos/routes/ HTTP/1.1" 200 13512
[02/Jun/2026 14:27:15] "GET /api/v1/dashboard/ HTTP/1.1" 200 7982
[02/Jun/2026 14:27:15] "GET /api/v1/sos/routes/ HTTP/1.1" 200 13512
[02/Jun/2026 14:27:45] "GET /api/v1/dashboard/ HTTP/1.1" 200 7982
[02/Jun/2026 14:27:45] "GET /api/v1/sos/routes/ HTTP/1.1" 200 13512
[02/Jun/2026 14:28:15] "GET /api/v1/dashboard/ HTTP/1.1" 200 7982
[02/Jun/2026 14:28:15] "GET /api/v1/sos/routes/ HTTP/1.1" 200 13512
[02/Jun/2026 14:28:45] "GET /api/v1/dashboard/ HTTP/1.1" 200 7982
[02/Jun/2026 14:28:45] "GET /api/v1/sos/routes/ HTTP/1.1" 200 13512
[02/Jun/2026 14:29:15] "GET /api/v1/dashboard/ HTTP/1.1" 200 7982
[02/Jun/2026 14:29:15] "GET /api/v1/sos/routes/ HTTP/1.1" 200 13512
[02/Jun/2026 14:29:45] "GET /api/v1/dashboard/ HTTP/1.1" 200 7982
[02/Jun/2026 14:29:45] "GET /api/v1/sos/routes/ HTTP/1.1" 200 13512
[02/Jun/2026 14:30:15] "GET /api/v1/dashboard/ HTTP/1.1" 200 7982
[02/Jun/2026 14:30:15] "GET /api/v1/sos/routes/ HTTP/1.1" 200 13512
[02/Jun/2026 14:30:45] "GET /api/v1/dashboard/ HTTP/1.1" 200 7982
[02/Jun/2026 14:30:45] "GET /api/v1/sos/routes/ HTTP/1.1" 200 13512
[02/Jun/2026 14:31:15] "GET /api/v1/dashboard/ HTTP/1.1" 200 7982
[02/Jun/2026 14:31:15] "GET /api/v1/sos/routes/ HTTP/1.1" 200 13512
[02/Jun/2026 14:31:45] "GET /api/v1/dashboard/ HTTP/1.1" 200 7982
[02/Jun/2026 14:31:45] "GET /api/v1/sos/routes/ HTTP/1.1" 200 13512
[02/Jun/2026 14:32:15] "GET /api/v1/dashboard/ HTTP/1.1" 200 7982
[02/Jun/2026 14:32:15] "GET /api/v1/sos/routes/ HTTP/1.1" 200 13512
[02/Jun/2026 14:32:45] "GET /api/v1/dashboard/ HTTP/1.1" 200 7982
[02/Jun/2026 14:32:45] "GET /api/v1/sos/routes/ HTTP/1.1" 200 13512
[02/Jun/2026 14:33:15] "GET /api/v1/dashboard/ HTTP/1.1" 200 7982
[02/Jun/2026 14:33:15] "GET /api/v1/sos/routes/ HTTP/1.1" 200 13512
[02/Jun/2026 14:33:45] "GET /api/v1/dashboard/ HTTP/1.1" 200 7982
[02/Jun/2026 14:33:45] "GET /api/v1/sos/routes/ HTTP/1.1" 200 13512
[02/Jun/2026 14:34:15] "GET /api/v1/dashboard/ HTTP/1.1" 200 7982
[02/Jun/2026 14:34:15] "GET /api/v1/sos/routes/ HTTP/1.1" 200 13512
[02/Jun/2026 14:34:45] "GET /api/v1/dashboard/ HTTP/1.1" 200 7982
[02/Jun/2026 14:34:45] "GET /api/v1/sos/routes/ HTTP/1.1" 200 13512
[02/Jun/2026 14:35:15] "GET /api/v1/dashboard/ HTTP/1.1" 200 7982
[02/Jun/2026 14:35:15] "GET /api/v1/sos/routes/ HTTP/1.1" 200 13512
[02/Jun/2026 14:35:45] "GET /api/v1/dashboard/ HTTP/1.1" 200 7982
[02/Jun/2026 14:35:45] "GET /api/v1/sos/routes/ HTTP/1.1" 200 13512
[02/Jun/2026 14:36:15] "GET /api/v1/dashboard/ HTTP/1.1" 200 7982
[02/Jun/2026 14:36:15] "GET /api/v1/sos/routes/ HTTP/1.1" 200 13512
[02/Jun/2026 14:36:45] "GET /api/v1/dashboard/ HTTP/1.1" 200 7982
[02/Jun/2026 14:36:45] "GET /api/v1/sos/routes/ HTTP/1.1" 200 13512
[02/Jun/2026 14:37:15] "GET /api/v1/dashboard/ HTTP/1.1" 200 7982
[02/Jun/2026 14:37:15] "GET /api/v1/sos/routes/ HTTP/1.1" 200 13512
[02/Jun/2026 14:37:45] "GET /api/v1/dashboard/ HTTP/1.1" 200 7982
[02/Jun/2026 14:37:45] "GET /api/v1/sos/routes/ HTTP/1.1" 200 13512
[02/Jun/2026 14:38:15] "GET /api/v1/dashboard/ HTTP/1.1" 200 7982
[02/Jun/2026 14:38:15] "GET /api/v1/sos/routes/ HTTP/1.1" 200 13512
[02/Jun/2026 14:38:45] "GET /api/v1/dashboard/ HTTP/1.1" 200 7982
[02/Jun/2026 14:38:45] "GET /api/v1/sos/routes/ HTTP/1.1" 200 13512
[02/Jun/2026 14:39:15] "GET /api/v1/dashboard/ HTTP/1.1" 200 7982
[02/Jun/2026 14:39:15] "GET /api/v1/sos/routes/ HTTP/1.1" 200 13512
[02/Jun/2026 14:39:45] "GET /api/v1/dashboard/ HTTP/1.1" 200 7982
[02/Jun/2026 14:39:45] "GET /api/v1/sos/routes/ HTTP/1.1" 200 13512
[02/Jun/2026 14:40:15] "GET /api/v1/dashboard/ HTTP/1.1" 200 7982
[02/Jun/2026 14:40:15] "GET /api/v1/sos/routes/ HTTP/1.1" 200 13512
[02/Jun/2026 14:40:45] "GET /api/v1/dashboard/ HTTP/1.1" 200 7982
[02/Jun/2026 14:40:45] "GET /api/v1/sos/routes/ HTTP/1.1" 200 13512
[02/Jun/2026 14:41:15] "GET /api/v1/dashboard/ HTTP/1.1" 200 7982
[02/Jun/2026 14:41:15] "GET /api/v1/sos/routes/ HTTP/1.1" 200 13512
[02/Jun/2026 14:41:45] "GET /api/v1/dashboard/ HTTP/1.1" 200 7982
[02/Jun/2026 14:41:45] "GET /api/v1/sos/routes/ HTTP/1.1" 200 13512
[02/Jun/2026 14:42:15] "GET /api/v1/dashboard/ HTTP/1.1" 200 7982
[02/Jun/2026 14:42:15] "GET /api/v1/sos/routes/ HTTP/1.1" 200 13512
[02/Jun/2026 14:42:45] "GET /api/v1/dashboard/ HTTP/1.1" 200 7982
[02/Jun/2026 14:42:45] "GET /api/v1/sos/routes/ HTTP/1.1" 200 13512
[02/Jun/2026 14:43:15] "GET /api/v1/dashboard/ HTTP/1.1" 200 7982
[02/Jun/2026 14:43:15] "GET /api/v1/sos/routes/ HTTP/1.1" 200 13512
[02/Jun/2026 14:43:45] "GET /api/v1/dashboard/ HTTP/1.1" 200 7982
[02/Jun/2026 14:43:45] "GET /api/v1/sos/routes/ HTTP/1.1" 200 13512
[02/Jun/2026 14:44:15] "GET /api/v1/dashboard/ HTTP/1.1" 200 7982
[02/Jun/2026 14:44:15] "GET /api/v1/sos/routes/ HTTP/1.1" 200 13512
[02/Jun/2026 14:44:45] "GET /api/v1/dashboard/ HTTP/1.1" 200 7982
[02/Jun/2026 14:44:45] "GET /api/v1/sos/routes/ HTTP/1.1" 200 13512
[02/Jun/2026 14:45:15] "GET /api/v1/dashboard/ HTTP/1.1" 200 7982
[02/Jun/2026 14:45:15] "GET /api/v1/sos/routes/ HTTP/1.1" 200 13512
[02/Jun/2026 14:45:45] "GET /api/v1/dashboard/ HTTP/1.1" 200 7982
[02/Jun/2026 14:45:45] "GET /api/v1/sos/routes/ HTTP/1.1" 200 13512
[02/Jun/2026 14:46:15] "GET /api/v1/dashboard/ HTTP/1.1" 200 7982
[02/Jun/2026 14:46:15] "GET /api/v1/sos/routes/ HTTP/1.1" 200 13512
[02/Jun/2026 14:46:45] "GET /api/v1/dashboard/ HTTP/1.1" 200 7982
[02/Jun/2026 14:46:45] "GET /api/v1/sos/routes/ HTTP/1.1" 200 13512
[02/Jun/2026 14:47:15] "GET /api/v1/dashboard/ HTTP/1.1" 200 7982
[02/Jun/2026 14:47:15] "GET /api/v1/sos/routes/ HTTP/1.1" 200 13512
[02/Jun/2026 14:47:45] "GET /api/v1/dashboard/ HTTP/1.1" 200 7982
[02/Jun/2026 14:47:45] "GET /api/v1/sos/routes/ HTTP/1.1" 200 13512
[02/Jun/2026 14:48:15] "GET /api/v1/dashboard/ HTTP/1.1" 200 7982
[02/Jun/2026 14:48:15] "GET /api/v1/sos/routes/ HTTP/1.1" 200 13512
[02/Jun/2026 14:48:45] "GET /api/v1/dashboard/ HTTP/1.1" 200 7982
[02/Jun/2026 14:48:45] "GET /api/v1/sos/routes/ HTTP/1.1" 200 13512
[02/Jun/2026 14:49:15] "GET /api/v1/dashboard/ HTTP/1.1" 200 7982
[02/Jun/2026 14:49:15] "GET /api/v1/sos/routes/ HTTP/1.1" 200 13512
[02/Jun/2026 14:49:45] "GET /api/v1/dashboard/ HTTP/1.1" 200 7982
[02/Jun/2026 14:49:45] "GET /api/v1/sos/routes/ HTTP/1.1" 200 13512
[02/Jun/2026 14:50:15] "GET /api/v1/dashboard/ HTTP/1.1" 200 7982
[02/Jun/2026 14:50:15] "GET /api/v1/sos/routes/ HTTP/1.1" 200 13512
[02/Jun/2026 14:50:45] "GET /api/v1/dashboard/ HTTP/1.1" 200 7982
[02/Jun/2026 14:50:45] "GET /api/v1/sos/routes/ HTTP/1.1" 200 13512
[02/Jun/2026 14:51:15] "GET /api/v1/dashboard/ HTTP/1.1" 200 7982
[02/Jun/2026 14:51:15] "GET /api/v1/sos/routes/ HTTP/1.1" 200 13512
[02/Jun/2026 14:51:45] "GET /api/v1/dashboard/ HTTP/1.1" 200 7982
[02/Jun/2026 14:51:45] "GET /api/v1/sos/routes/ HTTP/1.1" 200 13512
[02/Jun/2026 14:52:15] "GET /api/v1/dashboard/ HTTP/1.1" 200 7982
[02/Jun/2026 14:52:15] "GET /api/v1/sos/routes/ HTTP/1.1" 200 13512
[02/Jun/2026 14:52:45] "GET /api/v1/dashboard/ HTTP/1.1" 200 7982
[02/Jun/2026 14:52:45] "GET /api/v1/sos/routes/ HTTP/1.1" 200 13512
[02/Jun/2026 14:53:15] "GET /api/v1/dashboard/ HTTP/1.1" 200 7982
[02/Jun/2026 14:53:15] "GET /api/v1/sos/routes/ HTTP/1.1" 200 13512
[02/Jun/2026 14:53:45] "GET /api/v1/dashboard/ HTTP/1.1" 200 7982
[02/Jun/2026 14:53:45] "GET /api/v1/sos/routes/ HTTP/1.1" 200 13512
[02/Jun/2026 14:54:15] "GET /api/v1/dashboard/ HTTP/1.1" 200 7982
[02/Jun/2026 14:54:15] "GET /api/v1/sos/routes/ HTTP/1.1" 200 13512
[02/Jun/2026 14:54:45] "GET /api/v1/dashboard/ HTTP/1.1" 200 7982
[02/Jun/2026 14:54:45] "GET /api/v1/sos/routes/ HTTP/1.1" 200 13512
[02/Jun/2026 14:55:15] "GET /api/v1/dashboard/ HTTP/1.1" 200 7982
[02/Jun/2026 14:55:15] "GET /api/v1/sos/routes/ HTTP/1.1" 200 13512
[02/Jun/2026 14:55:45] "GET /api/v1/dashboard/ HTTP/1.1" 200 7982
[02/Jun/2026 14:55:45] "GET /api/v1/sos/routes/ HTTP/1.1" 200 13512
[02/Jun/2026 14:56:15] "GET /api/v1/dashboard/ HTTP/1.1" 200 7982
[02/Jun/2026 14:56:15] "GET /api/v1/sos/routes/ HTTP/1.1" 200 13512
[02/Jun/2026 14:56:45] "GET /api/v1/dashboard/ HTTP/1.1" 200 7982
[02/Jun/2026 14:56:45] "GET /api/v1/sos/routes/ HTTP/1.1" 200 13512
[02/Jun/2026 14:57:15] "GET /api/v1/dashboard/ HTTP/1.1" 200 7982
[02/Jun/2026 14:57:15] "GET /api/v1/sos/routes/ HTTP/1.1" 200 13512
[02/Jun/2026 14:57:45] "GET /api/v1/dashboard/ HTTP/1.1" 200 7982
[02/Jun/2026 14:57:45] "GET /api/v1/sos/routes/ HTTP/1.1" 200 13512
[02/Jun/2026 14:58:15] "GET /api/v1/dashboard/ HTTP/1.1" 200 7982
[02/Jun/2026 14:58:15] "GET /api/v1/sos/routes/ HTTP/1.1" 200 13512
[02/Jun/2026 14:58:45] "GET /api/v1/dashboard/ HTTP/1.1" 200 7982
[02/Jun/2026 14:58:45] "GET /api/v1/sos/routes/ HTTP/1.1" 200 13512
[02/Jun/2026 14:59:15] "GET /api/v1/dashboard/ HTTP/1.1" 200 7982
[02/Jun/2026 14:59:15] "GET /api/v1/sos/routes/ HTTP/1.1" 200 13512
[02/Jun/2026 14:59:45] "GET /api/v1/dashboard/ HTTP/1.1" 200 7982
[02/Jun/2026 14:59:45] "GET /api/v1/sos/routes/ HTTP/1.1" 200 13512
[02/Jun/2026 15:00:15] "GET /api/v1/dashboard/ HTTP/1.1" 200 7982
[02/Jun/2026 15:00:15] "GET /api/v1/sos/routes/ HTTP/1.1" 200 13512
[02/Jun/2026 15:00:45] "GET /api/v1/dashboard/ HTTP/1.1" 200 7982
[02/Jun/2026 15:00:45] "GET /api/v1/sos/routes/ HTTP/1.1" 200 13512
[02/Jun/2026 15:01:15] "GET /api/v1/dashboard/ HTTP/1.1" 200 7982
[02/Jun/2026 15:01:15] "GET /api/v1/sos/routes/ HTTP/1.1" 200 13512
[02/Jun/2026 15:01:45] "GET /api/v1/dashboard/ HTTP/1.1" 200 7982
[02/Jun/2026 15:01:45] "GET /api/v1/sos/routes/ HTTP/1.1" 200 13512
[02/Jun/2026 15:02:15] "GET /api/v1/dashboard/ HTTP/1.1" 200 7982
[02/Jun/2026 15:02:15] "GET /api/v1/sos/routes/ HTTP/1.1" 200 13512
[02/Jun/2026 15:02:45] "GET /api/v1/dashboard/ HTTP/1.1" 200 7982
[02/Jun/2026 15:02:45] "GET /api/v1/sos/routes/ HTTP/1.1" 200 13512
[02/Jun/2026 15:03:15] "GET /api/v1/dashboard/ HTTP/1.1" 200 7982
[02/Jun/2026 15:03:15] "GET /api/v1/sos/routes/ HTTP/1.1" 200 13512
[02/Jun/2026 15:03:45] "GET /api/v1/dashboard/ HTTP/1.1" 200 7982
[02/Jun/2026 15:03:45] "GET /api/v1/sos/routes/ HTTP/1.1" 200 13512
[02/Jun/2026 15:04:15] "GET /api/v1/dashboard/ HTTP/1.1" 200 7982
[02/Jun/2026 15:04:15] "GET /api/v1/sos/routes/ HTTP/1.1" 200 13512
[02/Jun/2026 15:04:45] "GET /api/v1/dashboard/ HTTP/1.1" 200 7982
[02/Jun/2026 15:04:45] "GET /api/v1/sos/routes/ HTTP/1.1" 200 13512
[02/Jun/2026 15:05:15] "GET /api/v1/dashboard/ HTTP/1.1" 200 7982
[02/Jun/2026 15:05:15] "GET /api/v1/sos/routes/ HTTP/1.1" 200 13512
[02/Jun/2026 15:05:45] "GET /api/v1/dashboard/ HTTP/1.1" 200 7982
[02/Jun/2026 15:05:45] "GET /api/v1/sos/routes/ HTTP/1.1" 200 13512
[02/Jun/2026 15:06:15] "GET /api/v1/dashboard/ HTTP/1.1" 200 7982
[02/Jun/2026 15:06:15] "GET /api/v1/sos/routes/ HTTP/1.1" 200 13512
[02/Jun/2026 15:06:45] "GET /api/v1/dashboard/ HTTP/1.1" 200 7982
[02/Jun/2026 15:06:45] "GET /api/v1/sos/routes/ HTTP/1.1" 200 13512
[02/Jun/2026 15:07:15] "GET /api/v1/dashboard/ HTTP/1.1" 200 7982
[02/Jun/2026 15:07:15] "GET /api/v1/sos/routes/ HTTP/1.1" 200 13512
[02/Jun/2026 15:07:45] "GET /api/v1/dashboard/ HTTP/1.1" 200 7982
[02/Jun/2026 15:07:45] "GET /api/v1/sos/routes/ HTTP/1.1" 200 13512
[02/Jun/2026 15:08:15] "GET /api/v1/dashboard/ HTTP/1.1" 200 7982
[02/Jun/2026 15:08:15] "GET /api/v1/sos/routes/ HTTP/1.1" 200 13512
[02/Jun/2026 15:08:45] "GET /api/v1/dashboard/ HTTP/1.1" 200 7982
[02/Jun/2026 15:08:45] "GET /api/v1/sos/routes/ HTTP/1.1" 200 13512
[02/Jun/2026 15:09:15] "GET /api/v1/dashboard/ HTTP/1.1" 200 7982
[02/Jun/2026 15:09:15] "GET /api/v1/sos/routes/ HTTP/1.1" 200 13512
[02/Jun/2026 15:09:45] "GET /api/v1/dashboard/ HTTP/1.1" 200 7982
[02/Jun/2026 15:09:45] "GET /api/v1/sos/routes/ HTTP/1.1" 200 13512
[02/Jun/2026 15:10:15] "GET /api/v1/dashboard/ HTTP/1.1" 200 7982
[02/Jun/2026 15:10:15] "GET /api/v1/sos/routes/ HTTP/1.1" 200 13512
[02/Jun/2026 15:10:45] "GET /api/v1/dashboard/ HTTP/1.1" 200 7982
[02/Jun/2026 15:10:45] "GET /api/v1/sos/routes/ HTTP/1.1" 200 13512
[02/Jun/2026 15:11:15] "GET /api/v1/dashboard/ HTTP/1.1" 200 7982
[02/Jun/2026 15:11:15] "GET /api/v1/sos/routes/ HTTP/1.1" 200 13512
[02/Jun/2026 15:11:45] "GET /api/v1/dashboard/ HTTP/1.1" 200 7982
[02/Jun/2026 15:11:45] "GET /api/v1/sos/routes/ HTTP/1.1" 200 13512
[02/Jun/2026 15:12:15] "GET /api/v1/dashboard/ HTTP/1.1" 200 7982
[02/Jun/2026 15:12:15] "GET /api/v1/sos/routes/ HTTP/1.1" 200 13512
[02/Jun/2026 15:12:45] "GET /api/v1/dashboard/ HTTP/1.1" 200 7982
[02/Jun/2026 15:12:45] "GET /api/v1/sos/routes/ HTTP/1.1" 200 13512
[02/Jun/2026 15:13:15] "GET /api/v1/dashboard/ HTTP/1.1" 200 7982
[02/Jun/2026 15:13:15] "GET /api/v1/sos/routes/ HTTP/1.1" 200 13512
[02/Jun/2026 15:13:45] "GET /api/v1/dashboard/ HTTP/1.1" 200 7982
[02/Jun/2026 15:13:45] "GET /api/v1/sos/routes/ HTTP/1.1" 200 13512
[02/Jun/2026 15:14:15] "GET /api/v1/dashboard/ HTTP/1.1" 200 7982
[02/Jun/2026 15:14:15] "GET /api/v1/sos/routes/ HTTP/1.1" 200 13512
[02/Jun/2026 15:14:45] "GET /api/v1/dashboard/ HTTP/1.1" 200 7982
[02/Jun/2026 15:14:45] "GET /api/v1/sos/routes/ HTTP/1.1" 200 13512
[02/Jun/2026 15:15:15] "GET /api/v1/dashboard/ HTTP/1.1" 200 7982
[02/Jun/2026 15:15:15] "GET /api/v1/sos/routes/ HTTP/1.1" 200 13512
[02/Jun/2026 15:15:45] "GET /api/v1/dashboard/ HTTP/1.1" 200 7982
[02/Jun/2026 15:15:45] "GET /api/v1/sos/routes/ HTTP/1.1" 200 13512
[02/Jun/2026 15:16:15] "GET /api/v1/dashboard/ HTTP/1.1" 200 7982
[02/Jun/2026 15:16:15] "GET /api/v1/sos/routes/ HTTP/1.1" 200 13512
[02/Jun/2026 15:16:45] "GET /api/v1/dashboard/ HTTP/1.1" 200 7982
[02/Jun/2026 15:16:45] "GET /api/v1/sos/routes/ HTTP/1.1" 200 13512
[02/Jun/2026 15:17:15] "GET /api/v1/dashboard/ HTTP/1.1" 200 7982
[02/Jun/2026 15:17:15] "GET /api/v1/sos/routes/ HTTP/1.1" 200 13512
[02/Jun/2026 15:17:45] "GET /api/v1/dashboard/ HTTP/1.1" 200 7982
[02/Jun/2026 15:17:45] "GET /api/v1/sos/routes/ HTTP/1.1" 200 13512
[02/Jun/2026 15:18:15] "GET /api/v1/dashboard/ HTTP/1.1" 200 7982
[02/Jun/2026 15:18:15] "GET /api/v1/sos/routes/ HTTP/1.1" 200 13512
[02/Jun/2026 15:18:45] "GET /api/v1/dashboard/ HTTP/1.1" 200 7982
[02/Jun/2026 15:18:45] "GET /api/v1/sos/routes/ HTTP/1.1" 200 13512
[02/Jun/2026 15:19:15] "GET /api/v1/dashboard/ HTTP/1.1" 200 7982
[02/Jun/2026 15:19:15] "GET /api/v1/sos/routes/ HTTP/1.1" 200 13512
[02/Jun/2026 15:19:45] "GET /api/v1/dashboard/ HTTP/1.1" 200 7982
[02/Jun/2026 15:19:45] "GET /api/v1/sos/routes/ HTTP/1.1" 200 13512
[02/Jun/2026 15:20:15] "GET /api/v1/dashboard/ HTTP/1.1" 200 7982
[02/Jun/2026 15:20:15] "GET /api/v1/sos/routes/ HTTP/1.1" 200 13512
[02/Jun/2026 15:20:45] "GET /api/v1/dashboard/ HTTP/1.1" 200 7982
[02/Jun/2026 15:20:45] "GET /api/v1/sos/routes/ HTTP/1.1" 200 13512
[02/Jun/2026 15:21:15] "GET /api/v1/dashboard/ HTTP/1.1" 200 7982
[02/Jun/2026 15:21:15] "GET /api/v1/sos/routes/ HTTP/1.1" 200 13512
[02/Jun/2026 15:21:45] "GET /api/v1/dashboard/ HTTP/1.1" 200 7982
[02/Jun/2026 15:21:45] "GET /api/v1/sos/routes/ HTTP/1.1" 200 13512
[02/Jun/2026 15:22:15] "GET /api/v1/dashboard/ HTTP/1.1" 200 7982
[02/Jun/2026 15:22:15] "GET /api/v1/sos/routes/ HTTP/1.1" 200 13512
[02/Jun/2026 15:22:45] "GET /api/v1/dashboard/ HTTP/1.1" 200 7982
[02/Jun/2026 15:22:45] "GET /api/v1/sos/routes/ HTTP/1.1" 200 13512
[02/Jun/2026 15:23:15] "GET /api/v1/dashboard/ HTTP/1.1" 200 7982
[02/Jun/2026 15:23:15] "GET /api/v1/sos/routes/ HTTP/1.1" 200 13512
[02/Jun/2026 15:23:45] "GET /api/v1/dashboard/ HTTP/1.1" 200 7982
[02/Jun/2026 15:23:45] "GET /api/v1/sos/routes/ HTTP/1.1" 200 13512
[02/Jun/2026 15:24:15] "GET /api/v1/dashboard/ HTTP/1.1" 200 7982
[02/Jun/2026 15:24:15] "GET /api/v1/sos/routes/ HTTP/1.1" 200 13512
[02/Jun/2026 15:24:45] "GET /api/v1/dashboard/ HTTP/1.1" 200 7982
[02/Jun/2026 15:24:45] "GET /api/v1/sos/routes/ HTTP/1.1" 200 13512
[02/Jun/2026 15:25:15] "GET /api/v1/dashboard/ HTTP/1.1" 200 7982
[02/Jun/2026 15:25:15] "GET /api/v1/sos/routes/ HTTP/1.1" 200 13512
[02/Jun/2026 15:25:45] "GET /api/v1/dashboard/ HTTP/1.1" 200 7982
[02/Jun/2026 15:25:45] "GET /api/v1/sos/routes/ HTTP/1.1" 200 13512
[02/Jun/2026 15:26:15] "GET /api/v1/dashboard/ HTTP/1.1" 200 7982
[02/Jun/2026 15:26:15] "GET /api/v1/sos/routes/ HTTP/1.1" 200 13512
[02/Jun/2026 15:26:45] "GET /api/v1/dashboard/ HTTP/1.1" 200 7982
[02/Jun/2026 15:26:45] "GET /api/v1/sos/routes/ HTTP/1.1" 200 13512
[02/Jun/2026 15:27:15] "GET /api/v1/dashboard/ HTTP/1.1" 200 7982
[02/Jun/2026 15:27:15] "GET /api/v1/sos/routes/ HTTP/1.1" 200 13512
[02/Jun/2026 15:27:45] "GET /api/v1/dashboard/ HTTP/1.1" 200 7982
[02/Jun/2026 15:27:45] "GET /api/v1/sos/routes/ HTTP/1.1" 200 13512
[02/Jun/2026 15:28:15] "GET /api/v1/dashboard/ HTTP/1.1" 200 7982
[02/Jun/2026 15:28:15] "GET /api/v1/sos/routes/ HTTP/1.1" 200 13512
[02/Jun/2026 15:28:45] "GET /api/v1/dashboard/ HTTP/1.1" 200 7982
[02/Jun/2026 15:28:45] "GET /api/v1/sos/routes/ HTTP/1.1" 200 13512
[02/Jun/2026 15:29:15] "GET /api/v1/dashboard/ HTTP/1.1" 200 7982
[02/Jun/2026 15:29:15] "GET /api/v1/sos/routes/ HTTP/1.1" 200 13512
[02/Jun/2026 15:29:45] "GET /api/v1/dashboard/ HTTP/1.1" 200 7982
[02/Jun/2026 15:29:45] "GET /api/v1/sos/routes/ HTTP/1.1" 200 13512
[02/Jun/2026 15:30:15] "GET /api/v1/dashboard/ HTTP/1.1" 200 7982
[02/Jun/2026 15:30:15] "GET /api/v1/sos/routes/ HTTP/1.1" 200 13512
[02/Jun/2026 15:30:45] "GET /api/v1/dashboard/ HTTP/1.1" 200 7982
[02/Jun/2026 15:30:45] "GET /api/v1/sos/routes/ HTTP/1.1" 200 13512
[02/Jun/2026 15:31:15] "GET /api/v1/dashboard/ HTTP/1.1" 200 7982
[02/Jun/2026 15:31:15] "GET /api/v1/sos/routes/ HTTP/1.1" 200 13512
[02/Jun/2026 15:31:45] "GET /api/v1/dashboard/ HTTP/1.1" 200 7982
[02/Jun/2026 15:31:45] "GET /api/v1/sos/routes/ HTTP/1.1" 200 13512
[02/Jun/2026 15:32:15] "GET /api/v1/dashboard/ HTTP/1.1" 200 7982
[02/Jun/2026 15:32:15] "GET /api/v1/sos/routes/ HTTP/1.1" 200 13512
[02/Jun/2026 15:32:45] "GET /api/v1/dashboard/ HTTP/1.1" 200 7982
[02/Jun/2026 15:32:45] "GET /api/v1/sos/routes/ HTTP/1.1" 200 13512
[02/Jun/2026 15:33:15] "GET /api/v1/dashboard/ HTTP/1.1" 200 7982
[02/Jun/2026 15:33:15] "GET /api/v1/sos/routes/ HTTP/1.1" 200 13512
[02/Jun/2026 15:33:45] "GET /api/v1/dashboard/ HTTP/1.1" 200 7982
[02/Jun/2026 15:33:45] "GET /api/v1/sos/routes/ HTTP/1.1" 200 13512
[02/Jun/2026 15:34:15] "GET /api/v1/dashboard/ HTTP/1.1" 200 7982
[02/Jun/2026 15:34:15] "GET /api/v1/sos/routes/ HTTP/1.1" 200 13512
[02/Jun/2026 15:34:45] "GET /api/v1/dashboard/ HTTP/1.1" 200 7982
[02/Jun/2026 15:34:45] "GET /api/v1/sos/routes/ HTTP/1.1" 200 13512
[02/Jun/2026 15:35:15] "GET /api/v1/dashboard/ HTTP/1.1" 200 7982
[02/Jun/2026 15:35:15] "GET /api/v1/sos/routes/ HTTP/1.1" 200 13512
[02/Jun/2026 15:35:45] "GET /api/v1/dashboard/ HTTP/1.1" 200 7982
[02/Jun/2026 15:35:45] "GET /api/v1/sos/routes/ HTTP/1.1" 200 13512
[02/Jun/2026 15:36:15] "GET /api/v1/dashboard/ HTTP/1.1" 200 7982
[02/Jun/2026 15:36:15] "GET /api/v1/sos/routes/ HTTP/1.1" 200 13512
[02/Jun/2026 15:36:45] "GET /api/v1/dashboard/ HTTP/1.1" 200 7982
[02/Jun/2026 15:36:45] "GET /api/v1/sos/routes/ HTTP/1.1" 200 13512
[02/Jun/2026 15:37:15] "GET /api/v1/dashboard/ HTTP/1.1" 200 7982
[02/Jun/2026 15:37:15] "GET /api/v1/sos/routes/ HTTP/1.1" 200 13512
[02/Jun/2026 15:37:45] "GET /api/v1/dashboard/ HTTP/1.1" 200 7982
[02/Jun/2026 15:37:45] "GET /api/v1/sos/routes/ HTTP/1.1" 200 13512
[02/Jun/2026 15:38:15] "GET /api/v1/dashboard/ HTTP/1.1" 200 7982
[02/Jun/2026 15:38:15] "GET /api/v1/sos/routes/ HTTP/1.1" 200 13512
[02/Jun/2026 15:38:45] "GET /api/v1/dashboard/ HTTP/1.1" 200 7982
[02/Jun/2026 15:38:45] "GET /api/v1/sos/routes/ HTTP/1.1" 200 13512
[02/Jun/2026 15:39:15] "GET /api/v1/dashboard/ HTTP/1.1" 200 7982
[02/Jun/2026 15:39:15] "GET /api/v1/sos/routes/ HTTP/1.1" 200 13512
[02/Jun/2026 15:39:45] "GET /api/v1/dashboard/ HTTP/1.1" 200 7982
[02/Jun/2026 15:39:46] "GET /api/v1/sos/routes/ HTTP/1.1" 200 13512
[02/Jun/2026 15:40:15] "GET /api/v1/dashboard/ HTTP/1.1" 200 7982
[02/Jun/2026 15:40:15] "GET /api/v1/sos/routes/ HTTP/1.1" 200 13512
[02/Jun/2026 15:40:45] "GET /api/v1/dashboard/ HTTP/1.1" 200 7982
[02/Jun/2026 15:40:45] "GET /api/v1/sos/routes/ HTTP/1.1" 200 13512
[02/Jun/2026 15:41:15] "GET /api/v1/dashboard/ HTTP/1.1" 200 7982
[02/Jun/2026 15:41:15] "GET /api/v1/sos/routes/ HTTP/1.1" 200 13512
[02/Jun/2026 15:41:45] "GET /api/v1/dashboard/ HTTP/1.1" 200 7982
[02/Jun/2026 15:41:45] "GET /api/v1/sos/routes/ HTTP/1.1" 200 13512
[02/Jun/2026 15:42:15] "GET /api/v1/dashboard/ HTTP/1.1" 200 7982
[02/Jun/2026 15:42:16] "GET /api/v1/sos/routes/ HTTP/1.1" 200 13512
[02/Jun/2026 15:42:45] "GET /api/v1/dashboard/ HTTP/1.1" 200 7982
[02/Jun/2026 15:42:45] "GET /api/v1/sos/routes/ HTTP/1.1" 200 13512
[02/Jun/2026 15:43:15] "GET /api/v1/dashboard/ HTTP/1.1" 200 7982
[02/Jun/2026 15:43:15] "GET /api/v1/sos/routes/ HTTP/1.1" 200 13512
[02/Jun/2026 15:43:45] "GET /api/v1/dashboard/ HTTP/1.1" 200 7982
[02/Jun/2026 15:43:46] "GET /api/v1/sos/routes/ HTTP/1.1" 200 13512
[02/Jun/2026 15:44:15] "GET /api/v1/dashboard/ HTTP/1.1" 200 7982
[02/Jun/2026 15:44:15] "GET /api/v1/sos/routes/ HTTP/1.1" 200 13512
[02/Jun/2026 15:44:45] "GET /api/v1/dashboard/ HTTP/1.1" 200 7982
[02/Jun/2026 15:44:46] "GET /api/v1/sos/routes/ HTTP/1.1" 200 13512
[02/Jun/2026 15:45:15] "GET /api/v1/dashboard/ HTTP/1.1" 200 7982
[02/Jun/2026 15:45:16] "GET /api/v1/sos/routes/ HTTP/1.1" 200 13512
[02/Jun/2026 15:45:45] "GET /api/v1/dashboard/ HTTP/1.1" 200 7982
[02/Jun/2026 15:45:45] "GET /api/v1/sos/routes/ HTTP/1.1" 200 13512
[02/Jun/2026 15:46:15] "GET /api/v1/dashboard/ HTTP/1.1" 200 7982
[02/Jun/2026 15:46:15] "GET /api/v1/sos/routes/ HTTP/1.1" 200 13512
[02/Jun/2026 15:46:45] "GET /api/v1/dashboard/ HTTP/1.1" 200 7982
[02/Jun/2026 15:46:46] "GET /api/v1/sos/routes/ HTTP/1.1" 200 13512
[02/Jun/2026 15:47:15] "GET /api/v1/dashboard/ HTTP/1.1" 200 7982
[02/Jun/2026 15:47:16] "GET /api/v1/sos/routes/ HTTP/1.1" 200 13512
[02/Jun/2026 15:47:45] "GET /api/v1/dashboard/ HTTP/1.1" 200 7982
[02/Jun/2026 15:47:46] "GET /api/v1/sos/routes/ HTTP/1.1" 200 13512
[02/Jun/2026 15:48:15] "GET /api/v1/dashboard/ HTTP/1.1" 200 7982
[02/Jun/2026 15:48:15] "GET /api/v1/sos/routes/ HTTP/1.1" 200 13512
[02/Jun/2026 15:48:45] "GET /api/v1/dashboard/ HTTP/1.1" 200 7982
[02/Jun/2026 15:48:46] "GET /api/v1/sos/routes/ HTTP/1.1" 200 13512
[02/Jun/2026 15:49:15] "GET /api/v1/dashboard/ HTTP/1.1" 200 7982
[02/Jun/2026 15:49:16] "GET /api/v1/sos/routes/ HTTP/1.1" 200 13512
[02/Jun/2026 15:49:45] "GET /api/v1/dashboard/ HTTP/1.1" 200 7982
[02/Jun/2026 15:49:46] "GET /api/v1/sos/routes/ HTTP/1.1" 200 13512
[02/Jun/2026 15:50:15] "GET /api/v1/dashboard/ HTTP/1.1" 200 7982
[02/Jun/2026 15:50:16] "GET /api/v1/sos/routes/ HTTP/1.1" 200 13512
[02/Jun/2026 15:50:45] "GET /api/v1/dashboard/ HTTP/1.1" 200 7982
[02/Jun/2026 15:50:46] "GET /api/v1/sos/routes/ HTTP/1.1" 200 13512
[02/Jun/2026 15:51:15] "GET /api/v1/dashboard/ HTTP/1.1" 200 7982
[02/Jun/2026 15:51:16] "GET /api/v1/sos/routes/ HTTP/1.1" 200 13512
[02/Jun/2026 15:51:45] "GET /api/v1/dashboard/ HTTP/1.1" 200 7982
[02/Jun/2026 15:51:46] "GET /api/v1/sos/routes/ HTTP/1.1" 200 13512
[02/Jun/2026 15:52:15] "GET /api/v1/dashboard/ HTTP/1.1" 200 7982
[02/Jun/2026 15:52:16] "GET /api/v1/sos/routes/ HTTP/1.1" 200 13512
[02/Jun/2026 15:52:45] "GET /api/v1/dashboard/ HTTP/1.1" 200 7982
[02/Jun/2026 15:52:46] "GET /api/v1/sos/routes/ HTTP/1.1" 200 13512
[02/Jun/2026 15:53:15] "GET /api/v1/dashboard/ HTTP/1.1" 200 7982
[02/Jun/2026 15:53:16] "GET /api/v1/sos/routes/ HTTP/1.1" 200 13512
[02/Jun/2026 15:53:45] "GET /api/v1/dashboard/ HTTP/1.1" 200 7982
[02/Jun/2026 15:53:46] "GET /api/v1/sos/routes/ HTTP/1.1" 200 13512
[02/Jun/2026 15:54:15] "GET /api/v1/dashboard/ HTTP/1.1" 200 7982
[02/Jun/2026 15:54:16] "GET /api/v1/sos/routes/ HTTP/1.1" 200 13512
[02/Jun/2026 15:54:45] "GET /api/v1/dashboard/ HTTP/1.1" 200 7982
[02/Jun/2026 15:54:46] "GET /api/v1/sos/routes/ HTTP/1.1" 200 13512
[02/Jun/2026 15:55:15] "GET /api/v1/dashboard/ HTTP/1.1" 200 7982
[02/Jun/2026 15:55:16] "GET /api/v1/sos/routes/ HTTP/1.1" 200 13512
[02/Jun/2026 15:55:45] "GET /api/v1/dashboard/ HTTP/1.1" 200 7982
[02/Jun/2026 15:55:46] "GET /api/v1/sos/routes/ HTTP/1.1" 200 13512
[02/Jun/2026 15:56:15] "GET /api/v1/dashboard/ HTTP/1.1" 200 7982
[02/Jun/2026 15:56:16] "GET /api/v1/sos/routes/ HTTP/1.1" 200 13512
[02/Jun/2026 15:56:45] "GET /api/v1/dashboard/ HTTP/1.1" 200 7982
[02/Jun/2026 15:56:46] "GET /api/v1/sos/routes/ HTTP/1.1" 200 13512
[02/Jun/2026 15:57:15] "GET /api/v1/dashboard/ HTTP/1.1" 200 7982
[02/Jun/2026 15:57:16] "GET /api/v1/sos/routes/ HTTP/1.1" 200 13512
[02/Jun/2026 15:57:45] "GET /api/v1/dashboard/ HTTP/1.1" 200 7982
[02/Jun/2026 15:57:46] "GET /api/v1/sos/routes/ HTTP/1.1" 200 13512
[02/Jun/2026 15:58:15] "GET /api/v1/dashboard/ HTTP/1.1" 200 7982
[02/Jun/2026 15:58:16] "GET /api/v1/sos/routes/ HTTP/1.1" 200 13512
[02/Jun/2026 15:58:45] "GET /api/v1/dashboard/ HTTP/1.1" 200 7982
[02/Jun/2026 15:58:46] "GET /api/v1/sos/routes/ HTTP/1.1" 200 13512
[02/Jun/2026 15:59:15] "GET /api/v1/dashboard/ HTTP/1.1" 200 7982
[02/Jun/2026 15:59:16] "GET /api/v1/sos/routes/ HTTP/1.1" 200 13512
[02/Jun/2026 15:59:45] "GET /api/v1/dashboard/ HTTP/1.1" 200 7982
[02/Jun/2026 15:59:46] "GET /api/v1/sos/routes/ HTTP/1.1" 200 13512
[02/Jun/2026 16:00:15] "GET /api/v1/dashboard/ HTTP/1.1" 200 7982
[02/Jun/2026 16:00:16] "GET /api/v1/sos/routes/ HTTP/1.1" 200 13512
[02/Jun/2026 16:00:45] "GET /api/v1/dashboard/ HTTP/1.1" 200 7982
[02/Jun/2026 16:00:46] "GET /api/v1/sos/routes/ HTTP/1.1" 200 13512
[02/Jun/2026 16:01:15] "GET /api/v1/dashboard/ HTTP/1.1" 200 7982
[02/Jun/2026 16:01:16] "GET /api/v1/sos/routes/ HTTP/1.1" 200 13512
[02/Jun/2026 16:01:45] "GET /api/v1/dashboard/ HTTP/1.1" 200 7982
[02/Jun/2026 16:01:46] "GET /api/v1/sos/routes/ HTTP/1.1" 200 13512
[02/Jun/2026 16:02:15] "GET /api/v1/dashboard/ HTTP/1.1" 200 7982
[02/Jun/2026 16:02:16] "GET /api/v1/sos/routes/ HTTP/1.1" 200 13512
[02/Jun/2026 16:02:45] "GET /api/v1/dashboard/ HTTP/1.1" 200 7982
[02/Jun/2026 16:02:46] "GET /api/v1/sos/routes/ HTTP/1.1" 200 13512
[02/Jun/2026 16:03:15] "GET /api/v1/dashboard/ HTTP/1.1" 200 7982
[02/Jun/2026 16:03:16] "GET /api/v1/sos/routes/ HTTP/1.1" 200 13512
[02/Jun/2026 16:03:24] "GET /api/v1/members/37/location-history/ HTTP/1.1" 200 2226
[02/Jun/2026 16:03:27] "GET /api/v1/sos/routes/ HTTP/1.1" 200 13512
[02/Jun/2026 16:03:40] "GET /api/v1/sos/routes/ HTTP/1.1" 200 13512
[02/Jun/2026 16:03:45] "GET /api/v1/dashboard/ HTTP/1.1" 200 7982
[02/Jun/2026 16:03:46] "GET /api/v1/sos/routes/ HTTP/1.1" 200 13512
[02/Jun/2026 16:04:15] "GET /api/v1/dashboard/ HTTP/1.1" 200 7982
[02/Jun/2026 16:04:16] "GET /api/v1/sos/routes/ HTTP/1.1" 200 13512
[02/Jun/2026 16:04:26] "GET /api/v1/sos/routes/ HTTP/1.1" 200 13512
[02/Jun/2026 16:04:45] "GET /api/v1/dashboard/ HTTP/1.1" 200 7982
[02/Jun/2026 16:04:46] "GET /api/v1/sos/routes/ HTTP/1.1" 200 13512
[02/Jun/2026 16:05:15] "GET /api/v1/dashboard/ HTTP/1.1" 200 7982
[02/Jun/2026 16:05:16] "GET /api/v1/sos/routes/ HTTP/1.1" 200 13512
[02/Jun/2026 16:05:45] "GET /api/v1/dashboard/ HTTP/1.1" 200 7982
[02/Jun/2026 16:05:46] "GET /api/v1/sos/routes/ HTTP/1.1" 200 13512
[02/Jun/2026 16:06:15] "GET /api/v1/dashboard/ HTTP/1.1" 200 7982
[02/Jun/2026 16:06:16] "GET /api/v1/sos/routes/ HTTP/1.1" 200 13512
[02/Jun/2026 16:06:45] "GET /api/v1/dashboard/ HTTP/1.1" 200 7982
[02/Jun/2026 16:06:46] "GET /api/v1/sos/routes/ HTTP/1.1" 200 13512
[02/Jun/2026 16:07:15] "GET /api/v1/dashboard/ HTTP/1.1" 200 7982
[02/Jun/2026 16:07:16] "GET /api/v1/sos/routes/ HTTP/1.1" 200 13512
[02/Jun/2026 16:07:45] "GET /api/v1/dashboard/ HTTP/1.1" 200 7982
[02/Jun/2026 16:07:46] "GET /api/v1/sos/routes/ HTTP/1.1" 200 13512
[02/Jun/2026 16:08:15] "GET /api/v1/dashboard/ HTTP/1.1" 200 7982
[02/Jun/2026 16:08:16] "GET /api/v1/sos/routes/ HTTP/1.1" 200 13512
[02/Jun/2026 16:08:45] "GET /api/v1/dashboard/ HTTP/1.1" 200 7982
[02/Jun/2026 16:08:46] "GET /api/v1/sos/routes/ HTTP/1.1" 200 13512
[02/Jun/2026 16:09:15] "GET /api/v1/dashboard/ HTTP/1.1" 200 7982
[02/Jun/2026 16:09:16] "GET /api/v1/sos/routes/ HTTP/1.1" 200 13512
[02/Jun/2026 16:09:45] "GET /api/v1/dashboard/ HTTP/1.1" 200 7982
[02/Jun/2026 16:09:46] "GET /api/v1/sos/routes/ HTTP/1.1" 200 13512
[02/Jun/2026 16:10:15] "GET /api/v1/dashboard/ HTTP/1.1" 200 7982
[02/Jun/2026 16:10:16] "GET /api/v1/sos/routes/ HTTP/1.1" 200 13512
[02/Jun/2026 16:10:45] "GET /api/v1/dashboard/ HTTP/1.1" 200 7982
[02/Jun/2026 16:10:46] "GET /api/v1/sos/routes/ HTTP/1.1" 200 13512
[02/Jun/2026 16:11:15] "GET /api/v1/dashboard/ HTTP/1.1" 200 7982
[02/Jun/2026 16:11:16] "GET /api/v1/sos/routes/ HTTP/1.1" 200 13512
[02/Jun/2026 16:11:45] "GET /api/v1/dashboard/ HTTP/1.1" 200 7982
[02/Jun/2026 16:11:46] "GET /api/v1/sos/routes/ HTTP/1.1" 200 13512
[02/Jun/2026 16:12:16] "GET /api/v1/dashboard/ HTTP/1.1" 200 7982
[02/Jun/2026 16:12:16] "GET /api/v1/sos/routes/ HTTP/1.1" 200 13512
[02/Jun/2026 16:12:46] "GET /api/v1/dashboard/ HTTP/1.1" 200 7982
[02/Jun/2026 16:12:46] "GET /api/v1/sos/routes/ HTTP/1.1" 200 13512
[02/Jun/2026 16:13:16] "GET /api/v1/dashboard/ HTTP/1.1" 200 7982
[02/Jun/2026 16:13:16] "GET /api/v1/sos/routes/ HTTP/1.1" 200 13512
[02/Jun/2026 16:13:46] "GET /api/v1/dashboard/ HTTP/1.1" 200 7982
[02/Jun/2026 16:13:46] "GET /api/v1/sos/routes/ HTTP/1.1" 200 13512
[02/Jun/2026 16:14:16] "GET /api/v1/dashboard/ HTTP/1.1" 200 7982
[02/Jun/2026 16:14:16] "GET /api/v1/sos/routes/ HTTP/1.1" 200 13512
[02/Jun/2026 16:14:46] "GET /api/v1/dashboard/ HTTP/1.1" 200 7982
[02/Jun/2026 16:14:46] "GET /api/v1/sos/routes/ HTTP/1.1" 200 13512
[02/Jun/2026 16:15:16] "GET /api/v1/dashboard/ HTTP/1.1" 200 7982
[02/Jun/2026 16:15:16] "GET /api/v1/sos/routes/ HTTP/1.1" 200 13512
[02/Jun/2026 16:15:46] "GET /api/v1/dashboard/ HTTP/1.1" 200 7982
[02/Jun/2026 16:15:46] "GET /api/v1/sos/routes/ HTTP/1.1" 200 13512
[02/Jun/2026 16:16:16] "GET /api/v1/dashboard/ HTTP/1.1" 200 7982
[02/Jun/2026 16:16:16] "GET /api/v1/sos/routes/ HTTP/1.1" 200 13512
[02/Jun/2026 16:16:46] "GET /api/v1/dashboard/ HTTP/1.1" 200 7982
[02/Jun/2026 16:16:46] "GET /api/v1/sos/routes/ HTTP/1.1" 200 13512
[02/Jun/2026 16:17:16] "GET /api/v1/dashboard/ HTTP/1.1" 200 7982
[02/Jun/2026 16:17:16] "GET /api/v1/sos/routes/ HTTP/1.1" 200 13512
[02/Jun/2026 16:17:46] "GET /api/v1/dashboard/ HTTP/1.1" 200 7982
[02/Jun/2026 16:17:46] "GET /api/v1/sos/routes/ HTTP/1.1" 200 13512
[02/Jun/2026 16:18:16] "GET /api/v1/dashboard/ HTTP/1.1" 200 7982
[02/Jun/2026 16:18:16] "GET /api/v1/sos/routes/ HTTP/1.1" 200 13512
[02/Jun/2026 16:18:46] "GET /api/v1/dashboard/ HTTP/1.1" 200 7982
[02/Jun/2026 16:18:46] "GET /api/v1/sos/routes/ HTTP/1.1" 200 13512
[02/Jun/2026 16:19:16] "GET /api/v1/dashboard/ HTTP/1.1" 200 7982
[02/Jun/2026 16:19:16] "GET /api/v1/sos/routes/ HTTP/1.1" 200 13512
[02/Jun/2026 16:19:46] "GET /api/v1/dashboard/ HTTP/1.1" 200 7982
[02/Jun/2026 16:19:46] "GET /api/v1/sos/routes/ HTTP/1.1" 200 13512
[02/Jun/2026 16:20:16] "GET /api/v1/dashboard/ HTTP/1.1" 200 7982
[02/Jun/2026 16:20:16] "GET /api/v1/sos/routes/ HTTP/1.1" 200 13512
[02/Jun/2026 16:20:46] "GET /api/v1/dashboard/ HTTP/1.1" 200 7982
[02/Jun/2026 16:20:46] "GET /api/v1/sos/routes/ HTTP/1.1" 200 13512
[02/Jun/2026 16:21:16] "GET /api/v1/dashboard/ HTTP/1.1" 200 7982
[02/Jun/2026 16:21:16] "GET /api/v1/sos/routes/ HTTP/1.1" 200 13512
[02/Jun/2026 16:21:46] "GET /api/v1/dashboard/ HTTP/1.1" 200 7982
[02/Jun/2026 16:21:46] "GET /api/v1/sos/routes/ HTTP/1.1" 200 13512
[02/Jun/2026 16:22:16] "GET /api/v1/dashboard/ HTTP/1.1" 200 7982
[02/Jun/2026 16:22:16] "GET /api/v1/sos/routes/ HTTP/1.1" 200 13512
[02/Jun/2026 16:22:46] "GET /api/v1/dashboard/ HTTP/1.1" 200 7982
[02/Jun/2026 16:22:46] "GET /api/v1/sos/routes/ HTTP/1.1" 200 13512
[02/Jun/2026 16:23:16] "GET /api/v1/dashboard/ HTTP/1.1" 200 7982
[02/Jun/2026 16:23:16] "GET /api/v1/sos/routes/ HTTP/1.1" 200 13512
[02/Jun/2026 16:23:46] "GET /api/v1/dashboard/ HTTP/1.1" 200 7982
[02/Jun/2026 16:23:46] "GET /api/v1/sos/routes/ HTTP/1.1" 200 13512
[02/Jun/2026 16:24:16] "GET /api/v1/dashboard/ HTTP/1.1" 200 7982
[02/Jun/2026 16:24:16] "GET /api/v1/sos/routes/ HTTP/1.1" 200 13512
[02/Jun/2026 16:24:46] "GET /api/v1/dashboard/ HTTP/1.1" 200 7982
[02/Jun/2026 16:24:46] "GET /api/v1/sos/routes/ HTTP/1.1" 200 13512
[02/Jun/2026 16:25:16] "GET /api/v1/dashboard/ HTTP/1.1" 200 7982
[02/Jun/2026 16:25:16] "GET /api/v1/sos/routes/ HTTP/1.1" 200 13512
[02/Jun/2026 16:25:46] "GET /api/v1/dashboard/ HTTP/1.1" 200 7982
[02/Jun/2026 16:25:46] "GET /api/v1/sos/routes/ HTTP/1.1" 200 13512
[02/Jun/2026 16:26:16] "GET /api/v1/dashboard/ HTTP/1.1" 200 7982
[02/Jun/2026 16:26:16] "GET /api/v1/sos/routes/ HTTP/1.1" 200 13512
[02/Jun/2026 16:26:46] "GET /api/v1/dashboard/ HTTP/1.1" 200 7982
[02/Jun/2026 16:26:46] "GET /api/v1/sos/routes/ HTTP/1.1" 200 13512
[02/Jun/2026 16:27:16] "GET /api/v1/dashboard/ HTTP/1.1" 200 7982
[02/Jun/2026 16:27:16] "GET /api/v1/sos/routes/ HTTP/1.1" 200 13512
[02/Jun/2026 16:27:46] "GET /api/v1/dashboard/ HTTP/1.1" 200 7982
[02/Jun/2026 16:27:46] "GET /api/v1/sos/routes/ HTTP/1.1" 200 13512
[02/Jun/2026 16:28:16] "GET /api/v1/dashboard/ HTTP/1.1" 200 7982
[02/Jun/2026 16:28:16] "GET /api/v1/sos/routes/ HTTP/1.1" 200 13512
[02/Jun/2026 16:28:46] "GET /api/v1/dashboard/ HTTP/1.1" 200 7982
[02/Jun/2026 16:28:46] "GET /api/v1/sos/routes/ HTTP/1.1" 200 13512
[02/Jun/2026 16:29:16] "GET /api/v1/dashboard/ HTTP/1.1" 200 7982
[02/Jun/2026 16:29:16] "GET /api/v1/sos/routes/ HTTP/1.1" 200 13512
[02/Jun/2026 16:29:46] "GET /api/v1/dashboard/ HTTP/1.1" 200 7982
[02/Jun/2026 16:29:46] "GET /api/v1/sos/routes/ HTTP/1.1" 200 13512
[02/Jun/2026 16:30:16] "GET /api/v1/dashboard/ HTTP/1.1" 200 7982
[02/Jun/2026 16:30:16] "GET /api/v1/sos/routes/ HTTP/1.1" 200 13512
[02/Jun/2026 16:30:46] "GET /api/v1/dashboard/ HTTP/1.1" 200 7982
[02/Jun/2026 16:30:46] "GET /api/v1/sos/routes/ HTTP/1.1" 200 13512
[02/Jun/2026 16:31:16] "GET /api/v1/dashboard/ HTTP/1.1" 200 7982
[02/Jun/2026 16:31:16] "GET /api/v1/sos/routes/ HTTP/1.1" 200 13512
[02/Jun/2026 16:31:46] "GET /api/v1/dashboard/ HTTP/1.1" 200 7982
[02/Jun/2026 16:31:46] "GET /api/v1/sos/routes/ HTTP/1.1" 200 13512
[02/Jun/2026 16:32:16] "GET /api/v1/dashboard/ HTTP/1.1" 200 7982
[02/Jun/2026 16:32:16] "GET /api/v1/sos/routes/ HTTP/1.1" 200 13512
[02/Jun/2026 16:32:46] "GET /api/v1/dashboard/ HTTP/1.1" 200 7982
[02/Jun/2026 16:32:46] "GET /api/v1/sos/routes/ HTTP/1.1" 200 13512
[02/Jun/2026 16:33:16] "GET /api/v1/dashboard/ HTTP/1.1" 200 7982
[02/Jun/2026 16:33:16] "GET /api/v1/sos/routes/ HTTP/1.1" 200 13512
[02/Jun/2026 16:33:46] "GET /api/v1/dashboard/ HTTP/1.1" 200 7982
[02/Jun/2026 16:33:46] "GET /api/v1/sos/routes/ HTTP/1.1" 200 13512
[02/Jun/2026 16:34:16] "GET /api/v1/dashboard/ HTTP/1.1" 200 7982
[02/Jun/2026 16:34:16] "GET /api/v1/sos/routes/ HTTP/1.1" 200 13512
[02/Jun/2026 16:34:46] "GET /api/v1/dashboard/ HTTP/1.1" 200 7982
[02/Jun/2026 16:34:46] "GET /api/v1/sos/routes/ HTTP/1.1" 200 13512
[02/Jun/2026 16:35:16] "GET /api/v1/dashboard/ HTTP/1.1" 200 7982
[02/Jun/2026 16:35:16] "GET /api/v1/sos/routes/ HTTP/1.1" 200 13512
[02/Jun/2026 16:35:46] "GET /api/v1/dashboard/ HTTP/1.1" 200 7982
[02/Jun/2026 16:35:46] "GET /api/v1/sos/routes/ HTTP/1.1" 200 13512
[02/Jun/2026 16:36:16] "GET /api/v1/dashboard/ HTTP/1.1" 200 7982
[02/Jun/2026 16:36:16] "GET /api/v1/sos/routes/ HTTP/1.1" 200 13512
[02/Jun/2026 16:36:46] "GET /api/v1/dashboard/ HTTP/1.1" 200 7982
[02/Jun/2026 16:36:46] "GET /api/v1/sos/routes/ HTTP/1.1" 200 13512
[02/Jun/2026 16:37:16] "GET /api/v1/dashboard/ HTTP/1.1" 200 7982
[02/Jun/2026 16:37:16] "GET /api/v1/sos/routes/ HTTP/1.1" 200 13512
[02/Jun/2026 16:37:46] "GET /api/v1/dashboard/ HTTP/1.1" 200 7982
[02/Jun/2026 16:37:46] "GET /api/v1/sos/routes/ HTTP/1.1" 200 13512
[02/Jun/2026 16:38:16] "GET /api/v1/dashboard/ HTTP/1.1" 200 7982
[02/Jun/2026 16:38:16] "GET /api/v1/sos/routes/ HTTP/1.1" 200 13512
[02/Jun/2026 16:38:46] "GET /api/v1/dashboard/ HTTP/1.1" 200 7982
[02/Jun/2026 16:38:46] "GET /api/v1/sos/routes/ HTTP/1.1" 200 13512
[02/Jun/2026 16:39:16] "GET /api/v1/dashboard/ HTTP/1.1" 200 7982
[02/Jun/2026 16:39:16] "GET /api/v1/sos/routes/ HTTP/1.1" 200 13512
[02/Jun/2026 16:39:46] "GET /api/v1/dashboard/ HTTP/1.1" 200 7982
[02/Jun/2026 16:39:46] "GET /api/v1/sos/routes/ HTTP/1.1" 200 13512
[02/Jun/2026 16:40:16] "GET /api/v1/dashboard/ HTTP/1.1" 200 7982
[02/Jun/2026 16:40:16] "GET /api/v1/sos/routes/ HTTP/1.1" 200 13512
[02/Jun/2026 16:40:46] "GET /api/v1/dashboard/ HTTP/1.1" 200 7982
[02/Jun/2026 16:40:46] "GET /api/v1/sos/routes/ HTTP/1.1" 200 13512
[02/Jun/2026 16:41:16] "GET /api/v1/dashboard/ HTTP/1.1" 200 7982
[02/Jun/2026 16:41:16] "GET /api/v1/sos/routes/ HTTP/1.1" 200 13512
[02/Jun/2026 16:41:46] "GET /api/v1/dashboard/ HTTP/1.1" 200 7982
[02/Jun/2026 16:41:46] "GET /api/v1/sos/routes/ HTTP/1.1" 200 13512
[02/Jun/2026 16:42:16] "GET /api/v1/dashboard/ HTTP/1.1" 200 7982
[02/Jun/2026 16:42:16] "GET /api/v1/sos/routes/ HTTP/1.1" 200 13512
[02/Jun/2026 16:42:46] "GET /api/v1/dashboard/ HTTP/1.1" 200 7982
[02/Jun/2026 16:42:46] "GET /api/v1/sos/routes/ HTTP/1.1" 200 13512
[02/Jun/2026 16:43:16] "GET /api/v1/dashboard/ HTTP/1.1" 200 7982
[02/Jun/2026 16:43:16] "GET /api/v1/sos/routes/ HTTP/1.1" 200 13512
[02/Jun/2026 16:43:46] "GET /api/v1/dashboard/ HTTP/1.1" 200 7982
[02/Jun/2026 16:43:46] "GET /api/v1/sos/routes/ HTTP/1.1" 200 13512
[02/Jun/2026 16:44:16] "GET /api/v1/dashboard/ HTTP/1.1" 200 7982
[02/Jun/2026 16:44:16] "GET /api/v1/sos/routes/ HTTP/1.1" 200 13512
[02/Jun/2026 16:44:46] "GET /api/v1/dashboard/ HTTP/1.1" 200 7982
[02/Jun/2026 16:44:46] "GET /api/v1/sos/routes/ HTTP/1.1" 200 13512
[02/Jun/2026 16:45:16] "GET /api/v1/dashboard/ HTTP/1.1" 200 7982
[02/Jun/2026 16:45:16] "GET /api/v1/sos/routes/ HTTP/1.1" 200 13512
[02/Jun/2026 16:45:46] "GET /api/v1/dashboard/ HTTP/1.1" 200 7982
[02/Jun/2026 16:45:46] "GET /api/v1/sos/routes/ HTTP/1.1" 200 13512
[02/Jun/2026 16:46:16] "GET /api/v1/dashboard/ HTTP/1.1" 200 7982
[02/Jun/2026 16:46:16] "GET /api/v1/sos/routes/ HTTP/1.1" 200 13512
[02/Jun/2026 16:46:46] "GET /api/v1/dashboard/ HTTP/1.1" 200 7982
[02/Jun/2026 16:46:46] "GET /api/v1/sos/routes/ HTTP/1.1" 200 13512
[02/Jun/2026 16:47:16] "GET /api/v1/dashboard/ HTTP/1.1" 200 7982
[02/Jun/2026 16:47:16] "GET /api/v1/sos/routes/ HTTP/1.1" 200 13512
[02/Jun/2026 16:47:46] "GET /api/v1/dashboard/ HTTP/1.1" 200 7982
[02/Jun/2026 16:47:46] "GET /api/v1/sos/routes/ HTTP/1.1" 200 13512
[02/Jun/2026 16:48:16] "GET /api/v1/dashboard/ HTTP/1.1" 200 7982
[02/Jun/2026 16:48:16] "GET /api/v1/sos/routes/ HTTP/1.1" 200 13512
[02/Jun/2026 16:48:46] "GET /api/v1/dashboard/ HTTP/1.1" 200 7982
[02/Jun/2026 16:48:46] "GET /api/v1/sos/routes/ HTTP/1.1" 200 13512
[02/Jun/2026 16:49:16] "GET /api/v1/dashboard/ HTTP/1.1" 200 7982
[02/Jun/2026 16:49:16] "GET /api/v1/sos/routes/ HTTP/1.1" 200 13512
[02/Jun/2026 16:49:46] "GET /api/v1/dashboard/ HTTP/1.1" 200 7982
[02/Jun/2026 16:49:46] "GET /api/v1/sos/routes/ HTTP/1.1" 200 13512
[02/Jun/2026 16:50:16] "GET /api/v1/dashboard/ HTTP/1.1" 200 7982
[02/Jun/2026 16:50:16] "GET /api/v1/sos/routes/ HTTP/1.1" 200 13512
[02/Jun/2026 16:50:46] "GET /api/v1/dashboard/ HTTP/1.1" 200 7982
[02/Jun/2026 16:50:46] "GET /api/v1/sos/routes/ HTTP/1.1" 200 13512
[02/Jun/2026 16:51:16] "GET /api/v1/dashboard/ HTTP/1.1" 200 7982
[02/Jun/2026 16:51:16] "GET /api/v1/sos/routes/ HTTP/1.1" 200 13512
[02/Jun/2026 16:51:46] "GET /api/v1/dashboard/ HTTP/1.1" 200 7982
[02/Jun/2026 16:51:46] "GET /api/v1/sos/routes/ HTTP/1.1" 200 13512
[02/Jun/2026 16:52:16] "GET /api/v1/dashboard/ HTTP/1.1" 200 7982
[02/Jun/2026 16:52:16] "GET /api/v1/sos/routes/ HTTP/1.1" 200 13512
[02/Jun/2026 16:52:46] "GET /api/v1/dashboard/ HTTP/1.1" 200 7982
[02/Jun/2026 16:52:46] "GET /api/v1/sos/routes/ HTTP/1.1" 200 13512
[02/Jun/2026 16:53:16] "GET /api/v1/dashboard/ HTTP/1.1" 200 7982
[02/Jun/2026 16:53:16] "GET /api/v1/sos/routes/ HTTP/1.1" 200 13512
[02/Jun/2026 16:53:46] "GET /api/v1/dashboard/ HTTP/1.1" 200 7982
[02/Jun/2026 16:53:46] "GET /api/v1/sos/routes/ HTTP/1.1" 200 13512
[02/Jun/2026 16:54:16] "GET /api/v1/dashboard/ HTTP/1.1" 200 7982
[02/Jun/2026 16:54:16] "GET /api/v1/sos/routes/ HTTP/1.1" 200 13512
[02/Jun/2026 16:54:46] "GET /api/v1/dashboard/ HTTP/1.1" 200 7982
[02/Jun/2026 16:54:46] "GET /api/v1/sos/routes/ HTTP/1.1" 200 13512
[02/Jun/2026 16:55:16] "GET /api/v1/dashboard/ HTTP/1.1" 200 7982
[02/Jun/2026 16:55:16] "GET /api/v1/sos/routes/ HTTP/1.1" 200 13512
[02/Jun/2026 16:55:46] "GET /api/v1/dashboard/ HTTP/1.1" 200 7982
[02/Jun/2026 16:55:46] "GET /api/v1/sos/routes/ HTTP/1.1" 200 13512
[02/Jun/2026 16:56:16] "GET /api/v1/dashboard/ HTTP/1.1" 200 7982
[02/Jun/2026 16:56:16] "GET /api/v1/sos/routes/ HTTP/1.1" 200 13512
[02/Jun/2026 16:56:46] "GET /api/v1/dashboard/ HTTP/1.1" 200 7982
[02/Jun/2026 16:56:46] "GET /api/v1/sos/routes/ HTTP/1.1" 200 13512
[02/Jun/2026 16:57:16] "GET /api/v1/dashboard/ HTTP/1.1" 200 7982
[02/Jun/2026 16:57:16] "GET /api/v1/sos/routes/ HTTP/1.1" 200 13512
[02/Jun/2026 16:57:46] "GET /api/v1/dashboard/ HTTP/1.1" 200 7982
[02/Jun/2026 16:57:46] "GET /api/v1/sos/routes/ HTTP/1.1" 200 13512
[02/Jun/2026 16:58:16] "GET /api/v1/dashboard/ HTTP/1.1" 200 7982
[02/Jun/2026 16:58:16] "GET /api/v1/sos/routes/ HTTP/1.1" 200 13512
[02/Jun/2026 16:58:46] "GET /api/v1/dashboard/ HTTP/1.1" 200 7982
[02/Jun/2026 16:58:46] "GET /api/v1/sos/routes/ HTTP/1.1" 200 13512
[02/Jun/2026 16:59:16] "GET /api/v1/dashboard/ HTTP/1.1" 200 7982
[02/Jun/2026 16:59:16] "GET /api/v1/sos/routes/ HTTP/1.1" 200 13512
[02/Jun/2026 16:59:46] "GET /api/v1/dashboard/ HTTP/1.1" 200 7982
[02/Jun/2026 16:59:46] "GET /api/v1/sos/routes/ HTTP/1.1" 200 13512
[02/Jun/2026 17:00:16] "GET /api/v1/dashboard/ HTTP/1.1" 200 7982
[02/Jun/2026 17:00:16] "GET /api/v1/sos/routes/ HTTP/1.1" 200 13512
[02/Jun/2026 17:00:46] "GET /api/v1/dashboard/ HTTP/1.1" 200 7982
[02/Jun/2026 17:00:46] "GET /api/v1/sos/routes/ HTTP/1.1" 200 13512
[02/Jun/2026 17:01:16] "GET /api/v1/dashboard/ HTTP/1.1" 200 7982
[02/Jun/2026 17:01:16] "GET /api/v1/sos/routes/ HTTP/1.1" 200 13512
[02/Jun/2026 17:01:46] "GET /api/v1/dashboard/ HTTP/1.1" 200 7982
[02/Jun/2026 17:01:46] "GET /api/v1/sos/routes/ HTTP/1.1" 200 13512
[02/Jun/2026 17:02:16] "GET /api/v1/dashboard/ HTTP/1.1" 200 7982
[02/Jun/2026 17:02:16] "GET /api/v1/sos/routes/ HTTP/1.1" 200 13512
[02/Jun/2026 17:02:46] "GET /api/v1/dashboard/ HTTP/1.1" 200 7982
[02/Jun/2026 17:02:46] "GET /api/v1/sos/routes/ HTTP/1.1" 200 13512
[02/Jun/2026 17:03:16] "GET /api/v1/dashboard/ HTTP/1.1" 200 7982
[02/Jun/2026 17:03:16] "GET /api/v1/sos/routes/ HTTP/1.1" 200 13512
[02/Jun/2026 17:03:46] "GET /api/v1/dashboard/ HTTP/1.1" 200 7982
[02/Jun/2026 17:03:46] "GET /api/v1/sos/routes/ HTTP/1.1" 200 13512
[02/Jun/2026 17:04:16] "GET /api/v1/dashboard/ HTTP/1.1" 200 7982
[02/Jun/2026 17:04:16] "GET /api/v1/sos/routes/ HTTP/1.1" 200 13512
[02/Jun/2026 17:04:46] "GET /api/v1/dashboard/ HTTP/1.1" 200 7982
[02/Jun/2026 17:04:46] "GET /api/v1/sos/routes/ HTTP/1.1" 200 13512
[02/Jun/2026 17:05:16] "GET /api/v1/dashboard/ HTTP/1.1" 200 7982
[02/Jun/2026 17:05:16] "GET /api/v1/sos/routes/ HTTP/1.1" 200 13512
[02/Jun/2026 17:05:46] "GET /api/v1/dashboard/ HTTP/1.1" 200 7982
[02/Jun/2026 17:05:46] "GET /api/v1/sos/routes/ HTTP/1.1" 200 13512
[02/Jun/2026 17:06:16] "GET /api/v1/dashboard/ HTTP/1.1" 200 7982
[02/Jun/2026 17:06:16] "GET /api/v1/sos/routes/ HTTP/1.1" 200 13512
[02/Jun/2026 17:06:46] "GET /api/v1/dashboard/ HTTP/1.1" 200 7982
[02/Jun/2026 17:06:46] "GET /api/v1/sos/routes/ HTTP/1.1" 200 13512
[02/Jun/2026 17:07:16] "GET /api/v1/dashboard/ HTTP/1.1" 200 7982
[02/Jun/2026 17:07:16] "GET /api/v1/sos/routes/ HTTP/1.1" 200 13512
[02/Jun/2026 17:07:46] "GET /api/v1/dashboard/ HTTP/1.1" 200 7982
[02/Jun/2026 17:07:46] "GET /api/v1/sos/routes/ HTTP/1.1" 200 13512
[02/Jun/2026 17:08:16] "GET /api/v1/dashboard/ HTTP/1.1" 200 7982
[02/Jun/2026 17:08:16] "GET /api/v1/sos/routes/ HTTP/1.1" 200 13512
[02/Jun/2026 17:08:46] "GET /api/v1/dashboard/ HTTP/1.1" 200 7982
[02/Jun/2026 17:08:46] "GET /api/v1/sos/routes/ HTTP/1.1" 200 13512
[02/Jun/2026 17:09:16] "GET /api/v1/dashboard/ HTTP/1.1" 200 7982
[02/Jun/2026 17:09:16] "GET /api/v1/sos/routes/ HTTP/1.1" 200 13512
[02/Jun/2026 17:09:46] "GET /api/v1/dashboard/ HTTP/1.1" 200 7982
[02/Jun/2026 17:09:46] "GET /api/v1/sos/routes/ HTTP/1.1" 200 13512
[02/Jun/2026 17:10:16] "GET /api/v1/dashboard/ HTTP/1.1" 200 7982
[02/Jun/2026 17:10:16] "GET /api/v1/sos/routes/ HTTP/1.1" 200 13512
[02/Jun/2026 17:10:46] "GET /api/v1/dashboard/ HTTP/1.1" 200 7982
[02/Jun/2026 17:10:46] "GET /api/v1/sos/routes/ HTTP/1.1" 200 13512
[02/Jun/2026 17:11:16] "GET /api/v1/dashboard/ HTTP/1.1" 200 7982
[02/Jun/2026 17:11:16] "GET /api/v1/sos/routes/ HTTP/1.1" 200 13512
[02/Jun/2026 17:11:46] "GET /api/v1/dashboard/ HTTP/1.1" 200 7982
[02/Jun/2026 17:11:46] "GET /api/v1/sos/routes/ HTTP/1.1" 200 13512
[02/Jun/2026 17:12:16] "GET /api/v1/dashboard/ HTTP/1.1" 200 7982
[02/Jun/2026 17:12:16] "GET /api/v1/sos/routes/ HTTP/1.1" 200 13512
[02/Jun/2026 17:12:46] "GET /api/v1/dashboard/ HTTP/1.1" 200 7982
[02/Jun/2026 17:12:46] "GET /api/v1/sos/routes/ HTTP/1.1" 200 13512
[02/Jun/2026 17:13:16] "GET /api/v1/dashboard/ HTTP/1.1" 200 7982
[02/Jun/2026 17:13:16] "GET /api/v1/sos/routes/ HTTP/1.1" 200 13512
[02/Jun/2026 17:13:46] "GET /api/v1/dashboard/ HTTP/1.1" 200 7982
[02/Jun/2026 17:13:46] "GET /api/v1/sos/routes/ HTTP/1.1" 200 13512
[02/Jun/2026 17:14:16] "GET /api/v1/dashboard/ HTTP/1.1" 200 7982
[02/Jun/2026 17:14:16] "GET /api/v1/sos/routes/ HTTP/1.1" 200 13512
[02/Jun/2026 17:14:46] "GET /api/v1/dashboard/ HTTP/1.1" 200 7982
[02/Jun/2026 17:14:46] "GET /api/v1/sos/routes/ HTTP/1.1" 200 13512
[02/Jun/2026 17:15:16] "GET /api/v1/dashboard/ HTTP/1.1" 200 7982
[02/Jun/2026 17:15:16] "GET /api/v1/sos/routes/ HTTP/1.1" 200 13512
[02/Jun/2026 17:15:46] "GET /api/v1/dashboard/ HTTP/1.1" 200 7982
[02/Jun/2026 17:15:46] "GET /api/v1/sos/routes/ HTTP/1.1" 200 13512
[02/Jun/2026 17:16:16] "GET /api/v1/dashboard/ HTTP/1.1" 200 7982
[02/Jun/2026 17:16:16] "GET /api/v1/sos/routes/ HTTP/1.1" 200 13512
[02/Jun/2026 17:16:46] "GET /api/v1/dashboard/ HTTP/1.1" 200 7982
[02/Jun/2026 17:16:46] "GET /api/v1/sos/routes/ HTTP/1.1" 200 13512
[02/Jun/2026 17:17:16] "GET /api/v1/dashboard/ HTTP/1.1" 200 7982
[02/Jun/2026 17:17:16] "GET /api/v1/sos/routes/ HTTP/1.1" 200 13512
[02/Jun/2026 17:17:46] "GET /api/v1/dashboard/ HTTP/1.1" 200 7982
[02/Jun/2026 17:17:46] "GET /api/v1/sos/routes/ HTTP/1.1" 200 13512
[02/Jun/2026 17:18:16] "GET /api/v1/dashboard/ HTTP/1.1" 200 7982
[02/Jun/2026 17:18:16] "GET /api/v1/sos/routes/ HTTP/1.1" 200 13512
[02/Jun/2026 17:18:46] "GET /api/v1/dashboard/ HTTP/1.1" 200 7982
[02/Jun/2026 17:18:46] "GET /api/v1/sos/routes/ HTTP/1.1" 200 13512
[02/Jun/2026 17:19:16] "GET /api/v1/dashboard/ HTTP/1.1" 200 7982
[02/Jun/2026 17:19:16] "GET /api/v1/sos/routes/ HTTP/1.1" 200 13512
[02/Jun/2026 17:19:46] "GET /api/v1/dashboard/ HTTP/1.1" 200 7982
[02/Jun/2026 17:19:46] "GET /api/v1/sos/routes/ HTTP/1.1" 200 13512
[02/Jun/2026 17:20:16] "GET /api/v1/dashboard/ HTTP/1.1" 200 7982
[02/Jun/2026 17:20:16] "GET /api/v1/sos/routes/ HTTP/1.1" 200 13512
[02/Jun/2026 17:20:46] "GET /api/v1/dashboard/ HTTP/1.1" 200 7982
[02/Jun/2026 17:20:46] "GET /api/v1/sos/routes/ HTTP/1.1" 200 13512
[02/Jun/2026 17:21:16] "GET /api/v1/dashboard/ HTTP/1.1" 200 7982
[02/Jun/2026 17:21:16] "GET /api/v1/sos/routes/ HTTP/1.1" 200 13512
[02/Jun/2026 17:21:46] "GET /api/v1/dashboard/ HTTP/1.1" 200 7982
[02/Jun/2026 17:21:46] "GET /api/v1/sos/routes/ HTTP/1.1" 200 13512
[02/Jun/2026 17:22:16] "GET /api/v1/dashboard/ HTTP/1.1" 200 7982
[02/Jun/2026 17:22:16] "GET /api/v1/sos/routes/ HTTP/1.1" 200 13512
[02/Jun/2026 17:22:46] "GET /api/v1/dashboard/ HTTP/1.1" 200 7982
[02/Jun/2026 17:22:46] "GET /api/v1/sos/routes/ HTTP/1.1" 200 13512
[02/Jun/2026 17:23:16] "GET /api/v1/dashboard/ HTTP/1.1" 200 7982
[02/Jun/2026 17:23:16] "GET /api/v1/sos/routes/ HTTP/1.1" 200 13512
[02/Jun/2026 17:23:46] "GET /api/v1/dashboard/ HTTP/1.1" 200 7982
[02/Jun/2026 17:23:46] "GET /api/v1/sos/routes/ HTTP/1.1" 200 13512
[02/Jun/2026 17:24:16] "GET /api/v1/dashboard/ HTTP/1.1" 200 7982
[02/Jun/2026 17:24:16] "GET /api/v1/sos/routes/ HTTP/1.1" 200 13512
[02/Jun/2026 17:24:46] "GET /api/v1/dashboard/ HTTP/1.1" 200 7982
[02/Jun/2026 17:24:46] "GET /api/v1/sos/routes/ HTTP/1.1" 200 13512
[02/Jun/2026 17:25:16] "GET /api/v1/dashboard/ HTTP/1.1" 200 7982
[02/Jun/2026 17:25:16] "GET /api/v1/sos/routes/ HTTP/1.1" 200 13512
[02/Jun/2026 17:25:46] "GET /api/v1/dashboard/ HTTP/1.1" 200 7982
[02/Jun/2026 17:25:46] "GET /api/v1/sos/routes/ HTTP/1.1" 200 13512
[02/Jun/2026 17:26:16] "GET /api/v1/dashboard/ HTTP/1.1" 200 7982
[02/Jun/2026 17:26:16] "GET /api/v1/sos/routes/ HTTP/1.1" 200 13512
[02/Jun/2026 17:26:46] "GET /api/v1/dashboard/ HTTP/1.1" 200 7982
[02/Jun/2026 17:26:46] "GET /api/v1/sos/routes/ HTTP/1.1" 200 13512
[02/Jun/2026 17:27:16] "GET /api/v1/dashboard/ HTTP/1.1" 200 7982
[02/Jun/2026 17:27:16] "GET /api/v1/sos/routes/ HTTP/1.1" 200 13512
[02/Jun/2026 17:27:46] "GET /api/v1/dashboard/ HTTP/1.1" 200 7982
[02/Jun/2026 17:27:46] "GET /api/v1/sos/routes/ HTTP/1.1" 200 13512
[02/Jun/2026 17:28:16] "GET /api/v1/dashboard/ HTTP/1.1" 200 7982
[02/Jun/2026 17:28:16] "GET /api/v1/sos/routes/ HTTP/1.1" 200 13512
[02/Jun/2026 17:28:46] "GET /api/v1/dashboard/ HTTP/1.1" 200 7982
[02/Jun/2026 17:28:46] "GET /api/v1/sos/routes/ HTTP/1.1" 200 13512
[02/Jun/2026 17:29:16] "GET /api/v1/dashboard/ HTTP/1.1" 200 7982
[02/Jun/2026 17:29:16] "GET /api/v1/sos/routes/ HTTP/1.1" 200 13512
[02/Jun/2026 17:29:46] "GET /api/v1/dashboard/ HTTP/1.1" 200 7982
[02/Jun/2026 17:29:46] "GET /api/v1/sos/routes/ HTTP/1.1" 200 13512
[02/Jun/2026 17:30:16] "GET /api/v1/dashboard/ HTTP/1.1" 200 7982
[02/Jun/2026 17:30:16] "GET /api/v1/sos/routes/ HTTP/1.1" 200 13512
[02/Jun/2026 17:30:46] "GET /api/v1/dashboard/ HTTP/1.1" 200 7982
[02/Jun/2026 17:30:46] "GET /api/v1/sos/routes/ HTTP/1.1" 200 13512
[02/Jun/2026 17:31:16] "GET /api/v1/dashboard/ HTTP/1.1" 200 7982
[02/Jun/2026 17:31:16] "GET /api/v1/sos/routes/ HTTP/1.1" 200 13512
[02/Jun/2026 17:31:46] "GET /api/v1/dashboard/ HTTP/1.1" 200 7982
[02/Jun/2026 17:31:46] "GET /api/v1/sos/routes/ HTTP/1.1" 200 13512
[02/Jun/2026 17:32:16] "GET /api/v1/dashboard/ HTTP/1.1" 200 7982
[02/Jun/2026 17:32:16] "GET /api/v1/sos/routes/ HTTP/1.1" 200 13512
[02/Jun/2026 17:32:46] "GET /api/v1/dashboard/ HTTP/1.1" 200 7982
[02/Jun/2026 17:32:46] "GET /api/v1/sos/routes/ HTTP/1.1" 200 13512
[02/Jun/2026 17:33:16] "GET /api/v1/dashboard/ HTTP/1.1" 200 7982
[02/Jun/2026 17:33:16] "GET /api/v1/sos/routes/ HTTP/1.1" 200 13512
[02/Jun/2026 17:33:46] "GET /api/v1/dashboard/ HTTP/1.1" 200 7982
[02/Jun/2026 17:33:46] "GET /api/v1/sos/routes/ HTTP/1.1" 200 13512
[02/Jun/2026 17:34:16] "GET /api/v1/dashboard/ HTTP/1.1" 200 7982
[02/Jun/2026 17:34:16] "GET /api/v1/sos/routes/ HTTP/1.1" 200 13512
[02/Jun/2026 17:34:46] "GET /api/v1/dashboard/ HTTP/1.1" 200 7982
[02/Jun/2026 17:34:46] "GET /api/v1/sos/routes/ HTTP/1.1" 200 13512
[02/Jun/2026 17:35:16] "GET /api/v1/dashboard/ HTTP/1.1" 200 7982
[02/Jun/2026 17:35:16] "GET /api/v1/sos/routes/ HTTP/1.1" 200 13512
[02/Jun/2026 17:35:46] "GET /api/v1/dashboard/ HTTP/1.1" 200 7982
[02/Jun/2026 17:35:46] "GET /api/v1/sos/routes/ HTTP/1.1" 200 13512
[02/Jun/2026 17:36:16] "GET /api/v1/dashboard/ HTTP/1.1" 200 7982
[02/Jun/2026 17:36:16] "GET /api/v1/sos/routes/ HTTP/1.1" 200 13512
[02/Jun/2026 17:36:46] "GET /api/v1/dashboard/ HTTP/1.1" 200 7982
[02/Jun/2026 17:36:46] "GET /api/v1/sos/routes/ HTTP/1.1" 200 13512
[02/Jun/2026 17:37:16] "GET /api/v1/dashboard/ HTTP/1.1" 200 7982
[02/Jun/2026 17:37:16] "GET /api/v1/sos/routes/ HTTP/1.1" 200 13512
[02/Jun/2026 17:37:46] "GET /api/v1/dashboard/ HTTP/1.1" 200 7982
[02/Jun/2026 17:37:46] "GET /api/v1/sos/routes/ HTTP/1.1" 200 13512
[02/Jun/2026 17:38:16] "GET /api/v1/dashboard/ HTTP/1.1" 200 7982
[02/Jun/2026 17:38:16] "GET /api/v1/sos/routes/ HTTP/1.1" 200 13512
[02/Jun/2026 17:38:46] "GET /api/v1/dashboard/ HTTP/1.1" 200 7982
[02/Jun/2026 17:38:46] "GET /api/v1/sos/routes/ HTTP/1.1" 200 13512
[02/Jun/2026 17:39:16] "GET /api/v1/dashboard/ HTTP/1.1" 200 7982
[02/Jun/2026 17:39:16] "GET /api/v1/sos/routes/ HTTP/1.1" 200 13512
[02/Jun/2026 17:39:46] "GET /api/v1/dashboard/ HTTP/1.1" 200 7982
[02/Jun/2026 17:39:46] "GET /api/v1/sos/routes/ HTTP/1.1" 200 13512
[02/Jun/2026 17:40:16] "GET /api/v1/dashboard/ HTTP/1.1" 200 7982
[02/Jun/2026 17:40:16] "GET /api/v1/sos/routes/ HTTP/1.1" 200 13512
[02/Jun/2026 17:40:46] "GET /api/v1/dashboard/ HTTP/1.1" 200 7982
[02/Jun/2026 17:40:46] "GET /api/v1/sos/routes/ HTTP/1.1" 200 13512
[02/Jun/2026 17:41:16] "GET /api/v1/dashboard/ HTTP/1.1" 200 7982
[02/Jun/2026 17:41:16] "GET /api/v1/sos/routes/ HTTP/1.1" 200 13512
[02/Jun/2026 17:41:46] "GET /api/v1/dashboard/ HTTP/1.1" 200 7982
[02/Jun/2026 17:41:46] "GET /api/v1/sos/routes/ HTTP/1.1" 200 13512
[02/Jun/2026 17:42:16] "GET /api/v1/dashboard/ HTTP/1.1" 200 7982
[02/Jun/2026 17:42:16] "GET /api/v1/sos/routes/ HTTP/1.1" 200 13512
[02/Jun/2026 17:42:46] "GET /api/v1/dashboard/ HTTP/1.1" 200 7982
[02/Jun/2026 17:42:46] "GET /api/v1/sos/routes/ HTTP/1.1" 200 13512
[02/Jun/2026 17:43:16] "GET /api/v1/dashboard/ HTTP/1.1" 200 7982
[02/Jun/2026 17:43:16] "GET /api/v1/sos/routes/ HTTP/1.1" 200 13512
[02/Jun/2026 17:43:46] "GET /api/v1/dashboard/ HTTP/1.1" 200 7982
[02/Jun/2026 17:43:46] "GET /api/v1/sos/routes/ HTTP/1.1" 200 13512
[02/Jun/2026 17:44:16] "GET /api/v1/dashboard/ HTTP/1.1" 200 7982
[02/Jun/2026 17:44:16] "GET /api/v1/sos/routes/ HTTP/1.1" 200 13512
[02/Jun/2026 17:44:46] "GET /api/v1/dashboard/ HTTP/1.1" 200 7982
[02/Jun/2026 17:44:46] "GET /api/v1/sos/routes/ HTTP/1.1" 200 13512
[02/Jun/2026 17:45:16] "GET /api/v1/dashboard/ HTTP/1.1" 200 7982
[02/Jun/2026 17:45:16] "GET /api/v1/sos/routes/ HTTP/1.1" 200 13512
[02/Jun/2026 17:45:46] "GET /api/v1/dashboard/ HTTP/1.1" 200 7982
[02/Jun/2026 17:45:46] "GET /api/v1/sos/routes/ HTTP/1.1" 200 13512
[02/Jun/2026 17:46:16] "GET /api/v1/dashboard/ HTTP/1.1" 200 7982
[02/Jun/2026 17:46:16] "GET /api/v1/sos/routes/ HTTP/1.1" 200 13512
[02/Jun/2026 17:46:46] "GET /api/v1/dashboard/ HTTP/1.1" 200 7982
[02/Jun/2026 17:46:46] "GET /api/v1/sos/routes/ HTTP/1.1" 200 13512
[02/Jun/2026 17:47:16] "GET /api/v1/dashboard/ HTTP/1.1" 200 7982
[02/Jun/2026 17:47:16] "GET /api/v1/sos/routes/ HTTP/1.1" 200 13512
[02/Jun/2026 17:47:46] "GET /api/v1/dashboard/ HTTP/1.1" 200 7982
[02/Jun/2026 17:47:46] "GET /api/v1/sos/routes/ HTTP/1.1" 200 13512
[02/Jun/2026 17:48:16] "GET /api/v1/dashboard/ HTTP/1.1" 200 7982
[02/Jun/2026 17:48:16] "GET /api/v1/sos/routes/ HTTP/1.1" 200 13512
[02/Jun/2026 17:48:46] "GET /api/v1/dashboard/ HTTP/1.1" 200 7982
[02/Jun/2026 17:48:46] "GET /api/v1/sos/routes/ HTTP/1.1" 200 13512
[02/Jun/2026 17:49:16] "GET /api/v1/dashboard/ HTTP/1.1" 200 7982
[02/Jun/2026 17:49:16] "GET /api/v1/sos/routes/ HTTP/1.1" 200 13512
[02/Jun/2026 17:49:46] "GET /api/v1/dashboard/ HTTP/1.1" 200 7982
[02/Jun/2026 17:49:46] "GET /api/v1/sos/routes/ HTTP/1.1" 200 13512
[02/Jun/2026 17:50:16] "GET /api/v1/dashboard/ HTTP/1.1" 200 7982
[02/Jun/2026 17:50:16] "GET /api/v1/sos/routes/ HTTP/1.1" 200 13512
[02/Jun/2026 17:50:46] "GET /api/v1/dashboard/ HTTP/1.1" 200 7982
[02/Jun/2026 17:50:46] "GET /api/v1/sos/routes/ HTTP/1.1" 200 13512
[02/Jun/2026 17:51:16] "GET /api/v1/dashboard/ HTTP/1.1" 200 7982
[02/Jun/2026 17:51:16] "GET /api/v1/sos/routes/ HTTP/1.1" 200 13512
[02/Jun/2026 17:51:46] "GET /api/v1/dashboard/ HTTP/1.1" 200 7982
[02/Jun/2026 17:51:46] "GET /api/v1/sos/routes/ HTTP/1.1" 200 13512
[02/Jun/2026 17:52:16] "GET /api/v1/dashboard/ HTTP/1.1" 200 7982
[02/Jun/2026 17:52:16] "GET /api/v1/sos/routes/ HTTP/1.1" 200 13512
[02/Jun/2026 17:52:46] "GET /api/v1/dashboard/ HTTP/1.1" 200 7982
[02/Jun/2026 17:52:46] "GET /api/v1/sos/routes/ HTTP/1.1" 200 13512
[02/Jun/2026 17:53:16] "GET /api/v1/dashboard/ HTTP/1.1" 200 7982
[02/Jun/2026 17:53:16] "GET /api/v1/sos/routes/ HTTP/1.1" 200 13512
[02/Jun/2026 17:53:46] "GET /api/v1/dashboard/ HTTP/1.1" 200 7982
[02/Jun/2026 17:53:46] "GET /api/v1/sos/routes/ HTTP/1.1" 200 13512
[02/Jun/2026 17:54:16] "GET /api/v1/dashboard/ HTTP/1.1" 200 7982
[02/Jun/2026 17:54:16] "GET /api/v1/sos/routes/ HTTP/1.1" 200 13512
[02/Jun/2026 17:54:46] "GET /api/v1/dashboard/ HTTP/1.1" 200 7982
[02/Jun/2026 17:54:46] "GET /api/v1/sos/routes/ HTTP/1.1" 200 13512
[02/Jun/2026 17:55:16] "GET /api/v1/dashboard/ HTTP/1.1" 200 7982
[02/Jun/2026 17:55:16] "GET /api/v1/sos/routes/ HTTP/1.1" 200 13512
[02/Jun/2026 17:55:46] "GET /api/v1/dashboard/ HTTP/1.1" 200 7982
[02/Jun/2026 17:55:46] "GET /api/v1/sos/routes/ HTTP/1.1" 200 13512
[02/Jun/2026 17:56:16] "GET /api/v1/dashboard/ HTTP/1.1" 200 7982
[02/Jun/2026 17:56:16] "GET /api/v1/sos/routes/ HTTP/1.1" 200 13512
[02/Jun/2026 17:56:46] "GET /api/v1/dashboard/ HTTP/1.1" 200 7982
[02/Jun/2026 17:56:46] "GET /api/v1/sos/routes/ HTTP/1.1" 200 13512
[02/Jun/2026 17:57:16] "GET /api/v1/dashboard/ HTTP/1.1" 200 7982
[02/Jun/2026 17:57:16] "GET /api/v1/sos/routes/ HTTP/1.1" 200 13512
[02/Jun/2026 17:57:46] "GET /api/v1/dashboard/ HTTP/1.1" 200 7982
[02/Jun/2026 17:57:46] "GET /api/v1/sos/routes/ HTTP/1.1" 200 13512
[02/Jun/2026 17:58:16] "GET /api/v1/dashboard/ HTTP/1.1" 200 7982
[02/Jun/2026 17:58:16] "GET /api/v1/sos/routes/ HTTP/1.1" 200 13512
[02/Jun/2026 17:58:46] "GET /api/v1/dashboard/ HTTP/1.1" 200 7982
[02/Jun/2026 17:58:46] "GET /api/v1/sos/routes/ HTTP/1.1" 200 13512
[02/Jun/2026 17:59:16] "GET /api/v1/dashboard/ HTTP/1.1" 200 7982
[02/Jun/2026 17:59:16] "GET /api/v1/sos/routes/ HTTP/1.1" 200 13512
[02/Jun/2026 17:59:46] "GET /api/v1/dashboard/ HTTP/1.1" 200 7982
[02/Jun/2026 17:59:46] "GET /api/v1/sos/routes/ HTTP/1.1" 200 13512
[02/Jun/2026 18:00:16] "GET /api/v1/dashboard/ HTTP/1.1" 200 7982
[02/Jun/2026 18:00:16] "GET /api/v1/sos/routes/ HTTP/1.1" 200 13512
[02/Jun/2026 18:00:46] "GET /api/v1/dashboard/ HTTP/1.1" 200 7982
[02/Jun/2026 18:00:46] "GET /api/v1/sos/routes/ HTTP/1.1" 200 13512
[02/Jun/2026 18:01:16] "GET /api/v1/dashboard/ HTTP/1.1" 200 7982
[02/Jun/2026 18:01:16] "GET /api/v1/sos/routes/ HTTP/1.1" 200 13512
[02/Jun/2026 18:01:46] "GET /api/v1/dashboard/ HTTP/1.1" 200 7982
[02/Jun/2026 18:01:46] "GET /api/v1/sos/routes/ HTTP/1.1" 200 13512
[02/Jun/2026 18:02:16] "GET /api/v1/dashboard/ HTTP/1.1" 200 7982
[02/Jun/2026 18:02:16] "GET /api/v1/sos/routes/ HTTP/1.1" 200 13512
[02/Jun/2026 18:02:46] "GET /api/v1/dashboard/ HTTP/1.1" 200 7982
[02/Jun/2026 18:02:46] "GET /api/v1/sos/routes/ HTTP/1.1" 200 13512
[02/Jun/2026 18:03:16] "GET /api/v1/dashboard/ HTTP/1.1" 200 7982
[02/Jun/2026 18:03:16] "GET /api/v1/sos/routes/ HTTP/1.1" 200 13512
[02/Jun/2026 18:03:46] "GET /api/v1/dashboard/ HTTP/1.1" 200 7982
[02/Jun/2026 18:03:46] "GET /api/v1/sos/routes/ HTTP/1.1" 200 13512
[02/Jun/2026 18:04:16] "GET /api/v1/dashboard/ HTTP/1.1" 200 7982
[02/Jun/2026 18:04:16] "GET /api/v1/sos/routes/ HTTP/1.1" 200 13512
[02/Jun/2026 18:04:46] "GET /api/v1/dashboard/ HTTP/1.1" 200 7982
[02/Jun/2026 18:04:46] "GET /api/v1/sos/routes/ HTTP/1.1" 200 13512
[02/Jun/2026 18:05:16] "GET /api/v1/dashboard/ HTTP/1.1" 200 7982
[02/Jun/2026 18:05:16] "GET /api/v1/sos/routes/ HTTP/1.1" 200 13512
[02/Jun/2026 18:05:46] "GET /api/v1/dashboard/ HTTP/1.1" 200 7982
[02/Jun/2026 18:05:46] "GET /api/v1/sos/routes/ HTTP/1.1" 200 13512
[02/Jun/2026 18:06:16] "GET /api/v1/dashboard/ HTTP/1.1" 200 7982
[02/Jun/2026 18:06:16] "GET /api/v1/sos/routes/ HTTP/1.1" 200 13512
[02/Jun/2026 18:06:46] "GET /api/v1/dashboard/ HTTP/1.1" 200 7982
[02/Jun/2026 18:06:46] "GET /api/v1/sos/routes/ HTTP/1.1" 200 13512
[02/Jun/2026 18:07:16] "GET /api/v1/dashboard/ HTTP/1.1" 200 7982
[02/Jun/2026 18:07:16] "GET /api/v1/sos/routes/ HTTP/1.1" 200 13512
[02/Jun/2026 18:07:46] "GET /api/v1/dashboard/ HTTP/1.1" 200 7982
[02/Jun/2026 18:07:46] "GET /api/v1/sos/routes/ HTTP/1.1" 200 13512
[02/Jun/2026 18:08:16] "GET /api/v1/dashboard/ HTTP/1.1" 200 7982
[02/Jun/2026 18:08:16] "GET /api/v1/sos/routes/ HTTP/1.1" 200 13512
[02/Jun/2026 18:08:46] "GET /api/v1/dashboard/ HTTP/1.1" 200 7982
[02/Jun/2026 18:08:46] "GET /api/v1/sos/routes/ HTTP/1.1" 200 13512
[02/Jun/2026 18:09:16] "GET /api/v1/dashboard/ HTTP/1.1" 200 7982
[02/Jun/2026 18:09:16] "GET /api/v1/sos/routes/ HTTP/1.1" 200 13512
[02/Jun/2026 18:09:46] "GET /api/v1/dashboard/ HTTP/1.1" 200 7982
[02/Jun/2026 18:09:46] "GET /api/v1/sos/routes/ HTTP/1.1" 200 13512
[02/Jun/2026 18:10:16] "GET /api/v1/dashboard/ HTTP/1.1" 200 7982
[02/Jun/2026 18:10:16] "GET /api/v1/sos/routes/ HTTP/1.1" 200 13512
[02/Jun/2026 18:10:46] "GET /api/v1/dashboard/ HTTP/1.1" 200 7982
[02/Jun/2026 18:10:46] "GET /api/v1/sos/routes/ HTTP/1.1" 200 13512
[02/Jun/2026 18:11:16] "GET /api/v1/dashboard/ HTTP/1.1" 200 7982
[02/Jun/2026 18:11:16] "GET /api/v1/sos/routes/ HTTP/1.1" 200 13512
[02/Jun/2026 18:11:46] "GET /api/v1/dashboard/ HTTP/1.1" 200 7982
[02/Jun/2026 18:11:46] "GET /api/v1/sos/routes/ HTTP/1.1" 200 13512
[02/Jun/2026 18:12:16] "GET /api/v1/dashboard/ HTTP/1.1" 200 7982
[02/Jun/2026 18:12:16] "GET /api/v1/sos/routes/ HTTP/1.1" 200 13512
[02/Jun/2026 18:12:46] "GET /api/v1/dashboard/ HTTP/1.1" 200 7982
[02/Jun/2026 18:12:46] "GET /api/v1/sos/routes/ HTTP/1.1" 200 13512
[02/Jun/2026 18:13:16] "GET /api/v1/dashboard/ HTTP/1.1" 200 7982
[02/Jun/2026 18:13:16] "GET /api/v1/sos/routes/ HTTP/1.1" 200 13512
[02/Jun/2026 18:13:46] "GET /api/v1/dashboard/ HTTP/1.1" 200 7982
[02/Jun/2026 18:13:46] "GET /api/v1/sos/routes/ HTTP/1.1" 200 13512
[02/Jun/2026 18:14:16] "GET /api/v1/dashboard/ HTTP/1.1" 200 7982
[02/Jun/2026 18:14:16] "GET /api/v1/sos/routes/ HTTP/1.1" 200 13512
[02/Jun/2026 18:14:46] "GET /api/v1/dashboard/ HTTP/1.1" 200 7982
[02/Jun/2026 18:14:46] "GET /api/v1/sos/routes/ HTTP/1.1" 200 13512
[02/Jun/2026 18:15:16] "GET /api/v1/dashboard/ HTTP/1.1" 200 7982
[02/Jun/2026 18:15:16] "GET /api/v1/sos/routes/ HTTP/1.1" 200 13512
[02/Jun/2026 18:15:46] "GET /api/v1/dashboard/ HTTP/1.1" 200 7982
[02/Jun/2026 18:15:46] "GET /api/v1/sos/routes/ HTTP/1.1" 200 13512
[02/Jun/2026 18:16:16] "GET /api/v1/dashboard/ HTTP/1.1" 200 7982
[02/Jun/2026 18:16:16] "GET /api/v1/sos/routes/ HTTP/1.1" 200 13512
[02/Jun/2026 18:16:23] "GET /api/v1/members/34/location-history/ HTTP/1.1" 200 11886
[02/Jun/2026 18:16:32] "GET /api/v1/members/36/location-history/ HTTP/1.1" 200 2237
[02/Jun/2026 18:16:46] "GET /api/v1/dashboard/ HTTP/1.1" 200 7982
[02/Jun/2026 18:17:16] "GET /api/v1/dashboard/ HTTP/1.1" 200 7982
[02/Jun/2026 18:17:46] "GET /api/v1/dashboard/ HTTP/1.1" 200 7982
[02/Jun/2026 18:18:16] "GET /api/v1/dashboard/ HTTP/1.1" 200 7982
[02/Jun/2026 18:18:46] "GET /api/v1/dashboard/ HTTP/1.1" 200 7982
[02/Jun/2026 18:19:16] "GET /api/v1/dashboard/ HTTP/1.1" 200 7982
[02/Jun/2026 18:19:46] "GET /api/v1/dashboard/ HTTP/1.1" 200 7982
[02/Jun/2026 18:20:16] "GET /api/v1/dashboard/ HTTP/1.1" 200 7982
[02/Jun/2026 18:20:46] "GET /api/v1/dashboard/ HTTP/1.1" 200 7982
[02/Jun/2026 18:21:16] "GET /api/v1/dashboard/ HTTP/1.1" 200 7982
[02/Jun/2026 18:21:46] "GET /api/v1/dashboard/ HTTP/1.1" 200 7982
[02/Jun/2026 18:22:16] "GET /api/v1/dashboard/ HTTP/1.1" 200 7982
[02/Jun/2026 18:22:46] "GET /api/v1/dashboard/ HTTP/1.1" 200 7982
[02/Jun/2026 18:23:16] "GET /api/v1/dashboard/ HTTP/1.1" 200 7982
[02/Jun/2026 18:23:46] "GET /api/v1/dashboard/ HTTP/1.1" 200 7982
[02/Jun/2026 18:24:16] "GET /api/v1/dashboard/ HTTP/1.1" 200 7982
[02/Jun/2026 18:24:46] "GET /api/v1/dashboard/ HTTP/1.1" 200 7982
[02/Jun/2026 18:25:16] "GET /api/v1/dashboard/ HTTP/1.1" 200 7982
[02/Jun/2026 18:25:46] "GET /api/v1/dashboard/ HTTP/1.1" 200 7982
[02/Jun/2026 18:26:16] "GET /api/v1/dashboard/ HTTP/1.1" 200 7982
[02/Jun/2026 18:26:46] "GET /api/v1/dashboard/ HTTP/1.1" 200 7982
[02/Jun/2026 18:27:16] "GET /api/v1/dashboard/ HTTP/1.1" 200 7982
[02/Jun/2026 18:27:46] "GET /api/v1/dashboard/ HTTP/1.1" 200 7982
[02/Jun/2026 18:28:16] "GET /api/v1/dashboard/ HTTP/1.1" 200 7982
[02/Jun/2026 18:28:46] "GET /api/v1/dashboard/ HTTP/1.1" 200 7982
[02/Jun/2026 18:29:16] "GET /api/v1/dashboard/ HTTP/1.1" 200 7982
[02/Jun/2026 18:29:46] "GET /api/v1/dashboard/ HTTP/1.1" 200 7982
[02/Jun/2026 18:30:16] "GET /api/v1/dashboard/ HTTP/1.1" 200 7982
[02/Jun/2026 18:30:46] "GET /api/v1/dashboard/ HTTP/1.1" 200 7982
[02/Jun/2026 18:31:16] "GET /api/v1/dashboard/ HTTP/1.1" 200 7982
[02/Jun/2026 18:31:46] "GET /api/v1/dashboard/ HTTP/1.1" 200 7982
[02/Jun/2026 18:32:16] "GET /api/v1/dashboard/ HTTP/1.1" 200 7982
[02/Jun/2026 18:32:46] "GET /api/v1/dashboard/ HTTP/1.1" 200 7982
[02/Jun/2026 18:33:16] "GET /api/v1/dashboard/ HTTP/1.1" 200 7982
[02/Jun/2026 18:33:46] "GET /api/v1/dashboard/ HTTP/1.1" 200 7982
[02/Jun/2026 18:34:16] "GET /api/v1/dashboard/ HTTP/1.1" 200 7982
[02/Jun/2026 18:34:46] "GET /api/v1/dashboard/ HTTP/1.1" 200 7982
[02/Jun/2026 18:35:16] "GET /api/v1/dashboard/ HTTP/1.1" 200 7982
[02/Jun/2026 18:35:46] "GET /api/v1/dashboard/ HTTP/1.1" 200 7982
[02/Jun/2026 18:36:16] "GET /api/v1/dashboard/ HTTP/1.1" 200 7982
[02/Jun/2026 18:36:46] "GET /api/v1/dashboard/ HTTP/1.1" 200 7982
[02/Jun/2026 18:37:16] "GET /api/v1/dashboard/ HTTP/1.1" 200 7982
[02/Jun/2026 18:37:46] "GET /api/v1/dashboard/ HTTP/1.1" 200 7982
[02/Jun/2026 18:38:16] "GET /api/v1/dashboard/ HTTP/1.1" 200 7982
[02/Jun/2026 18:38:46] "GET /api/v1/dashboard/ HTTP/1.1" 200 7982
[02/Jun/2026 18:39:16] "GET /api/v1/dashboard/ HTTP/1.1" 200 7982
[02/Jun/2026 18:39:46] "GET /api/v1/dashboard/ HTTP/1.1" 200 7982
[02/Jun/2026 18:40:16] "GET /api/v1/dashboard/ HTTP/1.1" 200 7982
[02/Jun/2026 18:40:46] "GET /api/v1/dashboard/ HTTP/1.1" 200 7982
[02/Jun/2026 18:41:16] "GET /api/v1/dashboard/ HTTP/1.1" 200 7982
[02/Jun/2026 18:41:46] "GET /api/v1/dashboard/ HTTP/1.1" 200 7982
[02/Jun/2026 18:42:16] "GET /api/v1/dashboard/ HTTP/1.1" 200 7982
[02/Jun/2026 18:42:46] "GET /api/v1/dashboard/ HTTP/1.1" 200 7982
[02/Jun/2026 18:43:16] "GET /api/v1/dashboard/ HTTP/1.1" 200 7982
[02/Jun/2026 18:43:46] "GET /api/v1/dashboard/ HTTP/1.1" 200 7982
[02/Jun/2026 18:44:16] "GET /api/v1/dashboard/ HTTP/1.1" 200 7982
[02/Jun/2026 18:44:46] "GET /api/v1/dashboard/ HTTP/1.1" 200 7982
[02/Jun/2026 18:45:16] "GET /api/v1/dashboard/ HTTP/1.1" 200 7982
[02/Jun/2026 18:45:46] "GET /api/v1/dashboard/ HTTP/1.1" 200 7982
[02/Jun/2026 18:46:16] "GET /api/v1/dashboard/ HTTP/1.1" 200 7982
[02/Jun/2026 18:46:46] "GET /api/v1/dashboard/ HTTP/1.1" 200 7982
[02/Jun/2026 18:47:16] "GET /api/v1/dashboard/ HTTP/1.1" 200 7982
[02/Jun/2026 18:47:46] "GET /api/v1/dashboard/ HTTP/1.1" 200 7982
[02/Jun/2026 18:48:16] "GET /api/v1/dashboard/ HTTP/1.1" 200 7982
[02/Jun/2026 18:48:46] "GET /api/v1/dashboard/ HTTP/1.1" 200 7982
[02/Jun/2026 18:49:16] "GET /api/v1/dashboard/ HTTP/1.1" 200 7982
[02/Jun/2026 18:49:46] "GET /api/v1/dashboard/ HTTP/1.1" 200 7982
[02/Jun/2026 18:50:16] "GET /api/v1/dashboard/ HTTP/1.1" 200 7982
[02/Jun/2026 18:50:46] "GET /api/v1/dashboard/ HTTP/1.1" 200 7982
[02/Jun/2026 18:51:16] "GET /api/v1/dashboard/ HTTP/1.1" 200 7982
[02/Jun/2026 18:51:46] "GET /api/v1/dashboard/ HTTP/1.1" 200 7982
[02/Jun/2026 18:52:16] "GET /api/v1/dashboard/ HTTP/1.1" 200 7982
[02/Jun/2026 18:52:46] "GET /api/v1/dashboard/ HTTP/1.1" 200 7982
[02/Jun/2026 18:53:16] "GET /api/v1/dashboard/ HTTP/1.1" 200 7982
[02/Jun/2026 18:53:46] "GET /api/v1/dashboard/ HTTP/1.1" 200 7982
[02/Jun/2026 18:54:17] "GET /api/v1/dashboard/ HTTP/1.1" 200 7982
[02/Jun/2026 18:54:47] "GET /api/v1/dashboard/ HTTP/1.1" 200 7982
[02/Jun/2026 18:55:17] "GET /api/v1/dashboard/ HTTP/1.1" 200 7982
[02/Jun/2026 18:55:47] "GET /api/v1/dashboard/ HTTP/1.1" 200 7982
[02/Jun/2026 18:56:17] "GET /api/v1/dashboard/ HTTP/1.1" 200 7982
[02/Jun/2026 18:56:47] "GET /api/v1/dashboard/ HTTP/1.1" 200 7982
[02/Jun/2026 18:57:17] "GET /api/v1/dashboard/ HTTP/1.1" 200 7982
[02/Jun/2026 18:57:47] "GET /api/v1/dashboard/ HTTP/1.1" 200 7982
[02/Jun/2026 18:58:17] "GET /api/v1/dashboard/ HTTP/1.1" 200 7982
[02/Jun/2026 18:58:47] "GET /api/v1/dashboard/ HTTP/1.1" 200 7982
[02/Jun/2026 18:59:17] "GET /api/v1/dashboard/ HTTP/1.1" 200 7982
[02/Jun/2026 18:59:47] "GET /api/v1/dashboard/ HTTP/1.1" 200 7982
[02/Jun/2026 19:00:17] "GET /api/v1/dashboard/ HTTP/1.1" 200 7982
[02/Jun/2026 19:00:47] "GET /api/v1/dashboard/ HTTP/1.1" 200 7982
[02/Jun/2026 19:01:17] "GET /api/v1/dashboard/ HTTP/1.1" 200 7982
[02/Jun/2026 19:01:47] "GET /api/v1/dashboard/ HTTP/1.1" 200 7982
[02/Jun/2026 19:02:17] "GET /api/v1/dashboard/ HTTP/1.1" 200 7982
[02/Jun/2026 19:02:47] "GET /api/v1/dashboard/ HTTP/1.1" 200 7982
[02/Jun/2026 19:03:17] "GET /api/v1/dashboard/ HTTP/1.1" 200 7982
[02/Jun/2026 19:03:47] "GET /api/v1/dashboard/ HTTP/1.1" 200 7982
[02/Jun/2026 19:04:17] "GET /api/v1/dashboard/ HTTP/1.1" 200 7982
[02/Jun/2026 19:04:47] "GET /api/v1/dashboard/ HTTP/1.1" 200 7982
[02/Jun/2026 19:05:17] "GET /api/v1/dashboard/ HTTP/1.1" 200 7982
[02/Jun/2026 19:05:47] "GET /api/v1/dashboard/ HTTP/1.1" 200 7982
[02/Jun/2026 19:06:17] "GET /api/v1/dashboard/ HTTP/1.1" 200 7982
[02/Jun/2026 19:06:47] "GET /api/v1/dashboard/ HTTP/1.1" 200 7982
[02/Jun/2026 19:07:17] "GET /api/v1/dashboard/ HTTP/1.1" 200 7982
[02/Jun/2026 19:07:47] "GET /api/v1/dashboard/ HTTP/1.1" 200 7982
[02/Jun/2026 19:08:17] "GET /api/v1/dashboard/ HTTP/1.1" 200 7982
[02/Jun/2026 19:08:47] "GET /api/v1/dashboard/ HTTP/1.1" 200 7982
[02/Jun/2026 19:09:17] "GET /api/v1/dashboard/ HTTP/1.1" 200 7982
[02/Jun/2026 19:09:47] "GET /api/v1/dashboard/ HTTP/1.1" 200 7982
[02/Jun/2026 19:10:17] "GET /api/v1/dashboard/ HTTP/1.1" 200 7982
[02/Jun/2026 19:10:47] "GET /api/v1/dashboard/ HTTP/1.1" 200 7982
[02/Jun/2026 19:11:17] "GET /api/v1/dashboard/ HTTP/1.1" 200 7982
[02/Jun/2026 19:11:47] "GET /api/v1/dashboard/ HTTP/1.1" 200 7982
[02/Jun/2026 19:12:17] "GET /api/v1/dashboard/ HTTP/1.1" 200 7982
[02/Jun/2026 19:12:47] "GET /api/v1/dashboard/ HTTP/1.1" 200 7982
[02/Jun/2026 19:13:17] "GET /api/v1/dashboard/ HTTP/1.1" 200 7982
[02/Jun/2026 19:13:47] "GET /api/v1/dashboard/ HTTP/1.1" 200 7982
[02/Jun/2026 19:14:17] "GET /api/v1/dashboard/ HTTP/1.1" 200 7982
[02/Jun/2026 19:14:47] "GET /api/v1/dashboard/ HTTP/1.1" 200 7982
[02/Jun/2026 19:15:17] "GET /api/v1/dashboard/ HTTP/1.1" 200 7982
[02/Jun/2026 19:15:47] "GET /api/v1/dashboard/ HTTP/1.1" 200 7982
[02/Jun/2026 19:16:17] "GET /api/v1/dashboard/ HTTP/1.1" 200 7982
[02/Jun/2026 19:16:47] "GET /api/v1/dashboard/ HTTP/1.1" 200 7982
[02/Jun/2026 19:17:17] "GET /api/v1/dashboard/ HTTP/1.1" 200 7982
[02/Jun/2026 19:17:47] "GET /api/v1/dashboard/ HTTP/1.1" 200 7982
[02/Jun/2026 19:18:17] "GET /api/v1/dashboard/ HTTP/1.1" 200 7982
[02/Jun/2026 19:18:47] "GET /api/v1/dashboard/ HTTP/1.1" 200 7982
[02/Jun/2026 19:19:17] "GET /api/v1/dashboard/ HTTP/1.1" 200 7982
[02/Jun/2026 19:19:47] "GET /api/v1/dashboard/ HTTP/1.1" 200 7982
[02/Jun/2026 19:20:17] "GET /api/v1/dashboard/ HTTP/1.1" 200 7982
[02/Jun/2026 19:20:47] "GET /api/v1/dashboard/ HTTP/1.1" 200 7982
[02/Jun/2026 19:21:17] "GET /api/v1/dashboard/ HTTP/1.1" 200 7982
[02/Jun/2026 19:21:47] "GET /api/v1/dashboard/ HTTP/1.1" 200 7982
[02/Jun/2026 19:22:17] "GET /api/v1/dashboard/ HTTP/1.1" 200 7982
[02/Jun/2026 19:22:47] "GET /api/v1/dashboard/ HTTP/1.1" 200 7982
[02/Jun/2026 19:23:17] "GET /api/v1/dashboard/ HTTP/1.1" 200 7982
[02/Jun/2026 19:23:47] "GET /api/v1/dashboard/ HTTP/1.1" 200 7982
[02/Jun/2026 19:24:17] "GET /api/v1/dashboard/ HTTP/1.1" 200 7982
[02/Jun/2026 19:24:47] "GET /api/v1/dashboard/ HTTP/1.1" 200 7982
[02/Jun/2026 19:25:17] "GET /api/v1/dashboard/ HTTP/1.1" 200 7982
[02/Jun/2026 19:25:47] "GET /api/v1/dashboard/ HTTP/1.1" 200 7982
[02/Jun/2026 19:26:17] "GET /api/v1/dashboard/ HTTP/1.1" 200 7982
[02/Jun/2026 19:26:47] "GET /api/v1/dashboard/ HTTP/1.1" 200 7982
[02/Jun/2026 19:27:17] "GET /api/v1/dashboard/ HTTP/1.1" 200 7982
[02/Jun/2026 19:27:47] "GET /api/v1/dashboard/ HTTP/1.1" 200 7982
[02/Jun/2026 19:28:17] "GET /api/v1/dashboard/ HTTP/1.1" 200 7982
[02/Jun/2026 19:28:47] "GET /api/v1/dashboard/ HTTP/1.1" 200 7982
[02/Jun/2026 19:29:17] "GET /api/v1/dashboard/ HTTP/1.1" 200 7982
[02/Jun/2026 19:29:47] "GET /api/v1/dashboard/ HTTP/1.1" 200 7982
[02/Jun/2026 19:30:17] "GET /api/v1/dashboard/ HTTP/1.1" 200 7982
[02/Jun/2026 19:30:47] "GET /api/v1/dashboard/ HTTP/1.1" 200 7982
[02/Jun/2026 19:31:17] "GET /api/v1/dashboard/ HTTP/1.1" 200 7982
[02/Jun/2026 19:31:47] "GET /api/v1/dashboard/ HTTP/1.1" 200 7982
[02/Jun/2026 19:32:17] "GET /api/v1/dashboard/ HTTP/1.1" 200 7982
[02/Jun/2026 19:32:47] "GET /api/v1/dashboard/ HTTP/1.1" 200 7982
[02/Jun/2026 19:33:17] "GET /api/v1/dashboard/ HTTP/1.1" 200 7982
[02/Jun/2026 19:33:47] "GET /api/v1/dashboard/ HTTP/1.1" 200 7982
[02/Jun/2026 19:34:17] "GET /api/v1/dashboard/ HTTP/1.1" 200 7982
[02/Jun/2026 19:34:47] "GET /api/v1/dashboard/ HTTP/1.1" 200 7982
[02/Jun/2026 19:35:17] "GET /api/v1/dashboard/ HTTP/1.1" 200 7982
[02/Jun/2026 19:35:47] "GET /api/v1/dashboard/ HTTP/1.1" 200 7982
[02/Jun/2026 19:36:18] "GET /api/v1/dashboard/ HTTP/1.1" 200 7982
[02/Jun/2026 19:36:48] "GET /api/v1/dashboard/ HTTP/1.1" 200 7982
[02/Jun/2026 19:37:18] "GET /api/v1/dashboard/ HTTP/1.1" 200 7982
[02/Jun/2026 19:37:48] "GET /api/v1/dashboard/ HTTP/1.1" 200 7982
[02/Jun/2026 19:38:18] "GET /api/v1/dashboard/ HTTP/1.1" 200 7982
[02/Jun/2026 19:38:48] "GET /api/v1/dashboard/ HTTP/1.1" 200 7982
[02/Jun/2026 19:39:18] "GET /api/v1/dashboard/ HTTP/1.1" 200 7982
[02/Jun/2026 19:39:48] "GET /api/v1/dashboard/ HTTP/1.1" 200 7982
[02/Jun/2026 19:40:18] "GET /api/v1/dashboard/ HTTP/1.1" 200 7982
[02/Jun/2026 19:40:48] "GET /api/v1/dashboard/ HTTP/1.1" 200 7982
[02/Jun/2026 19:41:18] "GET /api/v1/dashboard/ HTTP/1.1" 200 7982
[02/Jun/2026 19:41:48] "GET /api/v1/dashboard/ HTTP/1.1" 200 7982
[02/Jun/2026 19:42:18] "GET /api/v1/dashboard/ HTTP/1.1" 200 7982
[02/Jun/2026 19:42:48] "GET /api/v1/dashboard/ HTTP/1.1" 200 7982
[02/Jun/2026 19:43:18] "GET /api/v1/dashboard/ HTTP/1.1" 200 7982
[02/Jun/2026 19:43:48] "GET /api/v1/dashboard/ HTTP/1.1" 200 7982
[02/Jun/2026 19:44:18] "GET /api/v1/dashboard/ HTTP/1.1" 200 7982
[02/Jun/2026 19:44:48] "GET /api/v1/dashboard/ HTTP/1.1" 200 7982
[02/Jun/2026 19:45:18] "GET /api/v1/dashboard/ HTTP/1.1" 200 7982
[02/Jun/2026 19:45:48] "GET /api/v1/dashboard/ HTTP/1.1" 200 7982
[02/Jun/2026 19:46:18] "GET /api/v1/dashboard/ HTTP/1.1" 200 7982
[02/Jun/2026 19:46:48] "GET /api/v1/dashboard/ HTTP/1.1" 200 7982
[02/Jun/2026 19:47:18] "GET /api/v1/dashboard/ HTTP/1.1" 200 7982
[02/Jun/2026 19:47:48] "GET /api/v1/dashboard/ HTTP/1.1" 200 7982
[02/Jun/2026 19:48:18] "GET /api/v1/dashboard/ HTTP/1.1" 200 7982
[02/Jun/2026 19:48:48] "GET /api/v1/dashboard/ HTTP/1.1" 200 7982
[02/Jun/2026 19:49:18] "GET /api/v1/dashboard/ HTTP/1.1" 200 7982
[02/Jun/2026 19:49:48] "GET /api/v1/dashboard/ HTTP/1.1" 200 7982
[02/Jun/2026 19:50:18] "GET /api/v1/dashboard/ HTTP/1.1" 200 7982
[02/Jun/2026 19:50:48] "GET /api/v1/dashboard/ HTTP/1.1" 200 7982
[02/Jun/2026 19:51:18] "GET /api/v1/dashboard/ HTTP/1.1" 200 7982
[02/Jun/2026 19:51:48] "GET /api/v1/dashboard/ HTTP/1.1" 200 7982
[02/Jun/2026 19:52:18] "GET /api/v1/dashboard/ HTTP/1.1" 200 7982
[02/Jun/2026 19:52:48] "GET /api/v1/dashboard/ HTTP/1.1" 200 7982
[02/Jun/2026 19:53:18] "GET /api/v1/dashboard/ HTTP/1.1" 200 7982
[02/Jun/2026 19:53:48] "GET /api/v1/dashboard/ HTTP/1.1" 200 7982
[02/Jun/2026 19:54:20] "GET /api/v1/dashboard/ HTTP/1.1" 200 7982
[02/Jun/2026 19:54:50] "GET /api/v1/dashboard/ HTTP/1.1" 200 7982
[02/Jun/2026 19:55:20] "GET /api/v1/dashboard/ HTTP/1.1" 200 7982
[02/Jun/2026 19:55:50] "GET /api/v1/dashboard/ HTTP/1.1" 200 7982
[02/Jun/2026 19:56:20] "GET /api/v1/dashboard/ HTTP/1.1" 200 7982
[02/Jun/2026 19:56:50] "GET /api/v1/dashboard/ HTTP/1.1" 200 7982
[02/Jun/2026 19:57:20] "GET /api/v1/dashboard/ HTTP/1.1" 200 7982
[02/Jun/2026 19:57:50] "GET /api/v1/dashboard/ HTTP/1.1" 200 7982
[02/Jun/2026 19:58:20] "GET /api/v1/dashboard/ HTTP/1.1" 200 7982
[02/Jun/2026 19:58:50] "GET /api/v1/dashboard/ HTTP/1.1" 200 7982
[02/Jun/2026 19:59:20] "GET /api/v1/dashboard/ HTTP/1.1" 200 7982
[02/Jun/2026 19:59:50] "GET /api/v1/dashboard/ HTTP/1.1" 200 7982
[02/Jun/2026 20:00:20] "GET /api/v1/dashboard/ HTTP/1.1" 200 7982
[02/Jun/2026 20:00:50] "GET /api/v1/dashboard/ HTTP/1.1" 200 7982
[02/Jun/2026 20:01:20] "GET /api/v1/dashboard/ HTTP/1.1" 200 7982
[02/Jun/2026 20:01:50] "GET /api/v1/dashboard/ HTTP/1.1" 200 7982
[02/Jun/2026 20:02:20] "GET /api/v1/dashboard/ HTTP/1.1" 200 7982
[02/Jun/2026 20:02:50] "GET /api/v1/dashboard/ HTTP/1.1" 200 7982
[02/Jun/2026 20:03:20] "GET /api/v1/dashboard/ HTTP/1.1" 200 7982
[02/Jun/2026 20:03:50] "GET /api/v1/dashboard/ HTTP/1.1" 200 7982
[02/Jun/2026 20:04:20] "GET /api/v1/dashboard/ HTTP/1.1" 200 7982
[02/Jun/2026 20:04:50] "GET /api/v1/dashboard/ HTTP/1.1" 200 7982
[02/Jun/2026 20:05:20] "GET /api/v1/dashboard/ HTTP/1.1" 200 7982
[02/Jun/2026 20:05:50] "GET /api/v1/dashboard/ HTTP/1.1" 200 7982
[02/Jun/2026 20:06:21] "GET /api/v1/dashboard/ HTTP/1.1" 200 7982
[02/Jun/2026 20:06:51] "GET /api/v1/dashboard/ HTTP/1.1" 200 7982
[02/Jun/2026 20:07:21] "GET /api/v1/dashboard/ HTTP/1.1" 200 7982
[02/Jun/2026 20:07:51] "GET /api/v1/dashboard/ HTTP/1.1" 200 7982
[02/Jun/2026 20:08:21] "GET /api/v1/dashboard/ HTTP/1.1" 200 7982
[02/Jun/2026 20:08:51] "GET /api/v1/dashboard/ HTTP/1.1" 200 7982
[02/Jun/2026 20:09:21] "GET /api/v1/dashboard/ HTTP/1.1" 200 7982
[02/Jun/2026 20:09:51] "GET /api/v1/dashboard/ HTTP/1.1" 200 7982
[02/Jun/2026 20:10:21] "GET /api/v1/dashboard/ HTTP/1.1" 200 7982
[02/Jun/2026 20:10:51] "GET /api/v1/dashboard/ HTTP/1.1" 200 7982
[02/Jun/2026 20:11:21] "GET /api/v1/dashboard/ HTTP/1.1" 200 7982
[02/Jun/2026 20:11:51] "GET /api/v1/dashboard/ HTTP/1.1" 200 7982
[02/Jun/2026 20:12:21] "GET /api/v1/dashboard/ HTTP/1.1" 200 7982
[02/Jun/2026 20:12:51] "GET /api/v1/dashboard/ HTTP/1.1" 200 7982
[02/Jun/2026 20:13:21] "GET /api/v1/dashboard/ HTTP/1.1" 200 7982
[02/Jun/2026 20:13:51] "GET /api/v1/dashboard/ HTTP/1.1" 200 7982
[02/Jun/2026 20:14:21] "GET /api/v1/dashboard/ HTTP/1.1" 200 7982
[02/Jun/2026 20:14:51] "GET /api/v1/dashboard/ HTTP/1.1" 200 7982
[02/Jun/2026 20:15:21] "GET /api/v1/dashboard/ HTTP/1.1" 200 7982
[02/Jun/2026 20:15:51] "GET /api/v1/dashboard/ HTTP/1.1" 200 7982
[02/Jun/2026 20:16:21] "GET /api/v1/dashboard/ HTTP/1.1" 200 7982
[02/Jun/2026 20:16:51] "GET /api/v1/dashboard/ HTTP/1.1" 200 7982
[02/Jun/2026 20:17:21] "GET /api/v1/dashboard/ HTTP/1.1" 200 7982
[02/Jun/2026 20:17:51] "GET /api/v1/dashboard/ HTTP/1.1" 200 7982
[02/Jun/2026 20:18:21] "GET /api/v1/dashboard/ HTTP/1.1" 200 7982
[02/Jun/2026 20:18:51] "GET /api/v1/dashboard/ HTTP/1.1" 200 7982
[02/Jun/2026 20:19:21] "GET /api/v1/dashboard/ HTTP/1.1" 200 7982
[02/Jun/2026 20:19:51] "GET /api/v1/dashboard/ HTTP/1.1" 200 7982
[02/Jun/2026 20:20:21] "GET /api/v1/dashboard/ HTTP/1.1" 200 7982
[02/Jun/2026 20:20:51] "GET /api/v1/dashboard/ HTTP/1.1" 200 7982
[02/Jun/2026 20:21:21] "GET /api/v1/dashboard/ HTTP/1.1" 200 7982
[02/Jun/2026 20:21:51] "GET /api/v1/dashboard/ HTTP/1.1" 200 7982
[02/Jun/2026 20:22:21] "GET /api/v1/dashboard/ HTTP/1.1" 200 7982
[02/Jun/2026 20:22:51] "GET /api/v1/dashboard/ HTTP/1.1" 200 7982
[02/Jun/2026 20:23:21] "GET /api/v1/dashboard/ HTTP/1.1" 200 7982
[02/Jun/2026 20:23:51] "GET /api/v1/dashboard/ HTTP/1.1" 200 7982
[02/Jun/2026 20:24:21] "GET /api/v1/dashboard/ HTTP/1.1" 200 7982
[02/Jun/2026 20:24:51] "GET /api/v1/dashboard/ HTTP/1.1" 200 7982
[02/Jun/2026 20:25:21] "GET /api/v1/dashboard/ HTTP/1.1" 200 7982
[02/Jun/2026 20:25:51] "GET /api/v1/dashboard/ HTTP/1.1" 200 7982
[02/Jun/2026 20:26:21] "GET /api/v1/dashboard/ HTTP/1.1" 200 7982
[02/Jun/2026 20:26:51] "GET /api/v1/dashboard/ HTTP/1.1" 200 7982
[02/Jun/2026 20:27:21] "GET /api/v1/dashboard/ HTTP/1.1" 200 7982
[02/Jun/2026 20:27:51] "GET /api/v1/dashboard/ HTTP/1.1" 200 7982
[02/Jun/2026 20:28:21] "GET /api/v1/dashboard/ HTTP/1.1" 200 7982
[02/Jun/2026 20:28:51] "GET /api/v1/dashboard/ HTTP/1.1" 200 7982
[02/Jun/2026 20:29:21] "GET /api/v1/dashboard/ HTTP/1.1" 200 7982
[02/Jun/2026 20:29:51] "GET /api/v1/dashboard/ HTTP/1.1" 200 7982
[02/Jun/2026 20:30:21] "GET /api/v1/dashboard/ HTTP/1.1" 200 7982
[02/Jun/2026 20:30:51] "GET /api/v1/dashboard/ HTTP/1.1" 200 7982
[02/Jun/2026 20:31:21] "GET /api/v1/dashboard/ HTTP/1.1" 200 7982
[02/Jun/2026 20:31:51] "GET /api/v1/dashboard/ HTTP/1.1" 200 7982
[02/Jun/2026 20:32:21] "GET /api/v1/dashboard/ HTTP/1.1" 200 7982
[02/Jun/2026 20:32:51] "GET /api/v1/dashboard/ HTTP/1.1" 200 7982
[02/Jun/2026 20:33:21] "GET /api/v1/dashboard/ HTTP/1.1" 200 7982
[02/Jun/2026 20:33:51] "GET /api/v1/dashboard/ HTTP/1.1" 200 7982
[02/Jun/2026 20:34:21] "GET /api/v1/dashboard/ HTTP/1.1" 200 7982
[02/Jun/2026 20:34:51] "GET /api/v1/dashboard/ HTTP/1.1" 200 7982
[02/Jun/2026 20:35:21] "GET /api/v1/dashboard/ HTTP/1.1" 200 7982
[02/Jun/2026 20:35:51] "GET /api/v1/dashboard/ HTTP/1.1" 200 7982
[02/Jun/2026 20:36:21] "GET /api/v1/dashboard/ HTTP/1.1" 200 7982
[02/Jun/2026 20:36:51] "GET /api/v1/dashboard/ HTTP/1.1" 200 7982
[02/Jun/2026 20:37:21] "GET /api/v1/dashboard/ HTTP/1.1" 200 7982
[02/Jun/2026 20:37:51] "GET /api/v1/dashboard/ HTTP/1.1" 200 7982
[02/Jun/2026 20:38:21] "GET /api/v1/dashboard/ HTTP/1.1" 200 7982
[02/Jun/2026 20:38:51] "GET /api/v1/dashboard/ HTTP/1.1" 200 7982
[02/Jun/2026 20:39:21] "GET /api/v1/dashboard/ HTTP/1.1" 200 7982
[02/Jun/2026 20:39:51] "GET /api/v1/dashboard/ HTTP/1.1" 200 7982
[02/Jun/2026 20:40:21] "GET /api/v1/dashboard/ HTTP/1.1" 200 7982
[02/Jun/2026 20:40:51] "GET /api/v1/dashboard/ HTTP/1.1" 200 7982
